workspace_id,request_timestamp,response_timestamp,log_id,conversation_id,input,entities,intent and confidence,output
788e608a-118d-4c68-811a-45391400b024,2019-04-19T06:35:46.636Z,2019-04-19T06:35:46.765Z,9b9176e4-f7be-4cb8-b3fb-47b902b1fd56,bcd36bc2-de1b-4e3d-a45a-e8867c0bc295,i want to withdraw some money,"[{""entity"":""eWithdrawMoneyMethod"",""location"":[19,29],""value"":""partial withdraw"",""confidence"":1}]","{""intent"":""iRedemption"",""confidence"":1}",{{{get_scheme_for_redemption}}}
788e608a-118d-4c68-811a-45391400b024,2019-04-19T06:35:36.401Z,2019-04-19T06:35:36.436Z,d99847c7-d3e6-43b8-9cac-5236b56c3ccd,bcd36bc2-de1b-4e3d-a45a-e8867c0bc295,first one,"[{""entity"":""eSelection"",""location"":[0,9],""value"":""first"",""confidence"":1},{""entity"":""sys-number"",""location"":[6,9],""value"":""1"",""confidence"":1,""metadata"":{""numeric_value"":1}}]","{""intent"":""iByeBye"",""confidence"":0.21290949407613766}",{{{user_selected_statement_no}}} 
788e608a-118d-4c68-811a-45391400b024,2019-04-19T06:35:37.090Z,2019-04-19T06:35:37.125Z,20514799-067a-4f69-874f-d69058e72230,bcd36bc2-de1b-4e3d-a45a-e8867c0bc295,okay,"[{""entity"":""eResponses"",""location"":[0,4],""value"":""yes"",""confidence"":1}]",,What else I can do for you ?
788e608a-118d-4c68-811a-45391400b024,2019-04-19T06:34:58.193Z,2019-04-19T06:34:58.252Z,59416b43-a7c3-45bc-894b-5f20e7bdf5d0,bcd36bc2-de1b-4e3d-a45a-e8867c0bc295,i want to know my net asset value,"[{""entity"":""eNav"",""location"":[18,33],""value"":""Nav"",""confidence"":0.9975610971450806}]","{""intent"":""iKnowMyNavValue"",""confidence"":0.758511734008789}","{{{check_account}}} ,What else I can do for you ?"
788e608a-118d-4c68-811a-45391400b024,2019-04-19T06:35:06.422Z,2019-04-19T06:35:06.462Z,510261b2-6a4a-4185-8ab4-5357c93f7f1b,bcd36bc2-de1b-4e3d-a45a-e8867c0bc295,the first one,"[{""entity"":""eSelection"",""location"":[4,13],""value"":""first"",""confidence"":1},{""entity"":""sys-number"",""location"":[10,13],""value"":""1"",""confidence"":1,""metadata"":{""numeric_value"":1}}]",,"Can you reword your statement? I'm not understanding."
788e608a-118d-4c68-811a-45391400b024,2019-04-19T06:36:12.665Z,2019-04-19T06:36:12.744Z,cfb06936-d654-43d8-9f7d-efd47fce13bd,bcd36bc2-de1b-4e3d-a45a-e8867c0bc295,request submitted,"[{""entity"":""Submitted"",""location"":[0,17],""value"":""Request Submitted"",""confidence"":1}]","{""intent"":""iRedemption"",""confidence"":0.23251535356000375}","Your request has been submitted. One of our representative will contact you shortly.,What else I can do for you ?"
788e608a-118d-4c68-811a-45391400b024,2019-04-19T06:34:09.259Z,2019-04-19T06:34:09.335Z,15248f6b-5b6c-4c47-9674-9e9a4b5be603,bcd36bc2-de1b-4e3d-a45a-e8867c0bc295,,[],,"Hi! I am K buddy. ,Could you please tell me your 5 digit Customer ID number ?"
788e608a-118d-4c68-811a-45391400b024,2019-04-19T06:34:37.432Z,2019-04-19T06:34:37.523Z,b70c27de-5439-41dc-929f-5b50b8698e01,bcd36bc2-de1b-4e3d-a45a-e8867c0bc295,i want to know my net asset value,"[{""entity"":""eNav"",""location"":[18,33],""value"":""Nav"",""confidence"":0.9975610971450806}]","{""intent"":""iKnowMyNavValue"",""confidence"":0.758511734008789}","{{{check_account}}} ,What else I can do for you ?"
788e608a-118d-4c68-811a-45391400b024,2019-04-19T06:34:29.165Z,2019-04-19T06:34:29.207Z,583d003a-bb7f-4b7c-b6ba-0258f7f65a2f,bcd36bc2-de1b-4e3d-a45a-e8867c0bc295,number is 12345,"[{""entity"":""eInceptionDate"",""location"":[10,15],""value"":""12345"",""confidence"":0.2460087239742279},{""entity"":""sys-number"",""location"":[10,15],""value"":""12345"",""confidence"":1,""metadata"":{""numeric_value"":12345}}]","{""intent"":""iMyAccNumberIs"",""confidence"":0.9257805347442627}",<!--comment--> {{{account_number}}}
788e608a-118d-4c68-811a-45391400b024,2019-04-19T05:09:27.210Z,2019-04-19T05:09:27.360Z,6de7cdf8-1cd4-4ed7-9c7c-58b0847811cb,384c69ad-9edd-4ab6-a684-5433c9308bf4,my number is 12345,"[{""entity"":""eInceptionDate"",""location"":[13,18],""value"":""12345"",""confidence"":0.2460087239742279},{""entity"":""sys-number"",""location"":[13,18],""value"":""12345"",""confidence"":1,""metadata"":{""numeric_value"":12345}}]","{""intent"":""iMyAccNumberIs"",""confidence"":0.9210199356079103}",<!--comment--> {{{account_number}}}
788e608a-118d-4c68-811a-45391400b024,2019-04-19T05:10:55.647Z,2019-04-19T05:10:55.712Z,039b649a-d051-462f-80c5-3e71fce6924f,384c69ad-9edd-4ab6-a684-5433c9308bf4,i would like to do full withdrawal,"[{""entity"":""eWithdrawMoneyMethod"",""location"":[19,34],""value"":""full withdraw"",""confidence"":1}]","{""intent"":""iRedemption"",""confidence"":0.7336379528045656}","Please check & submit your  full withdrawal request? <!--comment-->
    <br>
    <br>
    <div id=""_disabled"">
        <div class=""row"">
          <form class=""col s12""><div class=""row""><div>Your current value is in input box <br></div></div>
            <div class=""row"">
              <div class=""input-field col s12"">
                <i class=""material-icons prefix"">attach_money
                </i>
                <input id=""id_full_withdraw_amount"" type=""number"" class=""validate"" disabled value=""{{{full_withdrawal_amount}}}"">
                <label for=""id_full_withdraw_amount""></label>
              </div>
              <button id=""id_full_withdraw_click"" class=""btn waves-effect waves-light grey darken-2 chip white-text"" type=""button"" onclick=""fullWithdrawal()""
                style=""margin: 0 55px 0 30px"">
                <i class=""fas fa-check prefix""></i>Submit</button>
                <button id=""id_cancel_click"" class=""btn waves-effect waves-light grey darken-2 chip white-text"" type=""button"" onclick=""GoBack()""
                style=""margin: 0"">
                <i class=""fas fa-check prefix""></i>Cancel</button>
            </div>
          </form>
        </div>
    </div>"
788e608a-118d-4c68-811a-45391400b024,2019-04-19T05:11:01.505Z,2019-04-19T05:11:01.550Z,12a5e6fd-cc42-44fd-96e7-1ecda8a1f98c,384c69ad-9edd-4ab6-a684-5433c9308bf4,request submitted,"[{""entity"":""Submitted"",""location"":[0,17],""value"":""Request Submitted"",""confidence"":1}]","{""intent"":""iRedemption"",""confidence"":0.23251535356000375}","Your request has been submitted. One of our representative will contact you shortly.,What else I can do for you ?"
788e608a-118d-4c68-811a-45391400b024,2019-04-19T05:10:34.156Z,2019-04-19T05:10:34.201Z,9ac019bc-b400-47a6-8248-7c057b6b293c,384c69ad-9edd-4ab6-a684-5433c9308bf4,for the first one,"[{""entity"":""eSelection"",""location"":[8,17],""value"":""first"",""confidence"":1},{""entity"":""sys-number"",""location"":[14,17],""value"":""1"",""confidence"":1,""metadata"":{""numeric_value"":1}}]","{""intent"":""iKnowMyNavValue"",""confidence"":0.5343732118606568}",{{{check_for_user_scheme_selection_for_redemption}}}
788e608a-118d-4c68-811a-45391400b024,2019-04-19T05:09:36.662Z,2019-04-19T05:09:36.800Z,ddcc6004-bf85-47bc-b1b6-2c4c35da5ceb,384c69ad-9edd-4ab6-a684-5433c9308bf4,i want to know my nav,"[{""entity"":""eNav"",""location"":[18,21],""value"":""Nav"",""confidence"":0.9554400444030762}]","{""intent"":""iKnowMyNavValue"",""confidence"":1}","{{{check_account}}} ,What else I can do for you ?"
788e608a-118d-4c68-811a-45391400b024,2019-04-19T05:10:00.785Z,2019-04-19T05:10:00.849Z,8a9d36f5-3a7a-4c9b-9b1e-2c4a037eaae4,384c69ad-9edd-4ab6-a684-5433c9308bf4,i want a statement from beginning till now,"[{""entity"":""eInceptionDate"",""location"":[24,33],""value"":""beginning"",""confidence"":0.8487511277198792},{""entity"":""eTillNow"",""location"":[34,42],""value"":""till"",""confidence"":0.993119478225708},{""entity"":""sys-date"",""location"":[39,42],""value"":""2019-04-19"",""confidence"":1,""metadata"":{""calendar_type"":""GREGORIAN"",""timezone"":""GMT""}},{""entity"":""sys-time"",""location"":[39,42],""value"":""05:10:00"",""confidence"":1,""metadata"":{""calendar_type"":""GREGORIAN"",""timezone"":""GMT""}}]","{""intent"":""iSendStatement"",""confidence"":0.9683119773864746}",{{{inception_to_tillnow}}}
788e608a-118d-4c68-811a-45391400b024,2019-04-19T05:12:23.251Z,2019-04-19T05:12:23.295Z,18317c7c-3a47-4ad2-9ed9-ff6ccdb1af55,384c69ad-9edd-4ab6-a684-5433c9308bf4,i want to know,[],"{""intent"":""iKnowMyNavValue"",""confidence"":0.503377366065979}","{{{check_account}}} ,What else I can do for you ?"
788e608a-118d-4c68-811a-45391400b024,2019-04-19T05:12:38.070Z,2019-04-19T05:12:38.197Z,669fc449-9413-4d04-a4cc-ffce27488384,384c69ad-9edd-4ab6-a684-5433c9308bf4,i want to know acid value for axis focused 25,"[{""entity"":""eMFSchemes"",""location"":[30,45],""value"":""AxisFocused"",""confidence"":0.99708491563797},{""entity"":""sys-number"",""location"":[43,45],""value"":""25"",""confidence"":1,""metadata"":{""numeric_value"":25}}]","{""intent"":""iKnowMyNavValue"",""confidence"":0.8471256732940675}","{{{check_account}}} ,What else I can do for you ?"
788e608a-118d-4c68-811a-45391400b024,2019-04-19T04:42:48.540Z,2019-04-19T04:42:48.642Z,a4c1116f-f504-49f6-a2ec-a767009ddead,1b733320-011c-479b-a5e8-a63bd69d08dd,what question you can handle ?,[],"{""intent"":""iHandleQuestion"",""confidence"":0.9716788768768312}","At the moment I am only trained to answer following question. Check Net Asset Value , Get Mini Statement, Get Statement, Update Aadhaar Number and Redemption,What else I can do for you ?"
788e608a-118d-4c68-811a-45391400b024,2019-04-19T04:43:08.944Z,2019-04-19T04:43:09.174Z,18bcbac5-5ac7-4f44-99e8-002046304dc4,1b733320-011c-479b-a5e8-a63bd69d08dd,i would like to withdraw some money ,"[{""entity"":""eWithdrawMoneyMethod"",""location"":[25,35],""value"":""partial withdraw"",""confidence"":1}]","{""intent"":""iRedemption"",""confidence"":0.9900888442993165}",{{{get_scheme_for_redemption}}}
788e608a-118d-4c68-811a-45391400b024,2019-04-19T04:47:50.801Z,2019-04-19T04:47:50.805Z,39f11d5d-7cad-46af-9908-9f787bc862f9,384c69ad-9edd-4ab6-a684-5433c9308bf4,,[],,"Hi! I am K buddy. ,Could you please tell me your 5 digit Customer ID number ?"
788e608a-118d-4c68-811a-45391400b024,2019-04-19T04:45:13.590Z,2019-04-19T04:45:13.631Z,23a14fd0-c36f-477a-a43b-2bb2643765d3,1b733320-011c-479b-a5e8-a63bd69d08dd,go back,"[{""entity"":""eBack"",""location"":[0,7],""value"":""GoBack"",""confidence"":1}]","{""intent"":""iByeBye"",""confidence"":0.2245276635564437}",What else I can do for you ?
788e608a-118d-4c68-811a-45391400b024,2019-04-19T04:43:26.359Z,2019-04-19T04:43:26.395Z,2ac69b85-795f-4685-9582-55a6a9028a09,1b733320-011c-479b-a5e8-a63bd69d08dd,partial withdrawal,"[{""entity"":""eWithdrawMoneyMethod"",""location"":[0,18],""value"":""partial withdraw"",""confidence"":0.7}]","{""intent"":""iRedemption"",""confidence"":0.2977533627322742}","Please check & submit your  partial withdrawal request? <!--comment-->
    <br>
    <br>
    <div id=""_disabled"">
        <div class=""row"">
          <form class=""col s12""><div class=""row""><div>Min Amount is Rs. 1000 and Max Amount you can withdraw is Rs. {{{partial_withdrawal_amount}}}<br></div></div>
            <div class=""row"">
              <div class=""input-field col s12"">
                <i class=""material-icons prefix"">attach_money
                </i>
                <input id=""id_partial_withdraw_amount"" type=""number"" class=""validate"" max=""{{{partial_withdrawal_amount}}}"" min=""1000"" value=""1000"">
                <label for=""id_partial_withdraw_amount""></label>
              </div>
              <button id=""id_partial_withdraw_click"" class=""btn waves-effect waves-light grey darken-2 chip white-text"" type=""button"" onclick=""fullWithdrawal()""
                style=""margin: 0 55px 0 30px"">
                <i class=""fas fa-check prefix""></i>Submit</button>
                <button id=""id_cancel_click"" class=""btn waves-effect waves-light grey darken-2 chip white-text"" type=""button"" onclick=""GoBack()""
                style=""margin: 0"">
                <i class=""fas fa-check prefix""></i>Cancel</button>
            </div>
          </form>
        </div>
    </div>"
788e608a-118d-4c68-811a-45391400b024,2019-04-19T04:43:30.496Z,2019-04-19T04:43:30.536Z,b32aac43-c9b3-4aaa-982c-c9e36eef747f,1b733320-011c-479b-a5e8-a63bd69d08dd,request submitted,"[{""entity"":""Submitted"",""location"":[0,17],""value"":""Request Submitted"",""confidence"":1}]","{""intent"":""iRedemption"",""confidence"":0.23251535356000375}","Your request has been submitted. One of our representative will contact you shortly.,What else I can do for you ?"
788e608a-118d-4c68-811a-45391400b024,2019-04-19T04:43:46.846Z,2019-04-19T04:43:46.888Z,620bccd8-4883-4579-81d1-4dee12f96159,1b733320-011c-479b-a5e8-a63bd69d08dd,for both,"[{""entity"":""eSelection"",""location"":[4,8],""value"":""both"",""confidence"":1}]","{""intent"":""iByeBye"",""confidence"":0.4263273000717163}",{{{user_selected_statement_no}}} 
788e608a-118d-4c68-811a-45391400b024,2019-04-19T04:43:41.382Z,2019-04-19T04:43:41.469Z,e767ca47-5bfd-46a9-be2d-1d213b684f55,1b733320-011c-479b-a5e8-a63bd69d08dd,i want a statement from begining till now,"[{""entity"":""eInceptionDate"",""location"":[24,32],""value"":""beginning"",""confidence"":0.8093419075012207},{""entity"":""eTillNow"",""location"":[33,41],""value"":""till"",""confidence"":0.9825415015220642},{""entity"":""sys-date"",""location"":[38,41],""value"":""2019-04-19"",""confidence"":1,""metadata"":{""calendar_type"":""GREGORIAN"",""timezone"":""GMT""}},{""entity"":""sys-time"",""location"":[38,41],""value"":""04:43:41"",""confidence"":1,""metadata"":{""calendar_type"":""GREGORIAN"",""timezone"":""GMT""}}]","{""intent"":""iSendStatement"",""confidence"":0.8939258575439453}",{{{inception_to_tillnow}}}
788e608a-118d-4c68-811a-45391400b024,2019-04-19T04:43:58.272Z,2019-04-19T04:43:58.322Z,4db4aed0-9c6b-4dba-9ca0-aca3e30ec44c,1b733320-011c-479b-a5e8-a63bd69d08dd,i want a mini statement,[],"{""intent"":""iMiniStatement"",""confidence"":0.9603731155395507}",{{{id_check_acc_mini_statement}}}
788e608a-118d-4c68-811a-45391400b024,2019-04-19T04:44:06.186Z,2019-04-19T04:44:06.225Z,5933205d-940f-49f0-a0a2-0e52e2ddcddd,1b733320-011c-479b-a5e8-a63bd69d08dd,okay,"[{""entity"":""eResponses"",""location"":[0,4],""value"":""yes"",""confidence"":1}]",,What else I can do for you ?
788e608a-118d-4c68-811a-45391400b024,2019-04-19T04:44:05.341Z,2019-04-19T04:44:05.392Z,63570d9d-8b48-4a6f-ae7e-54f9938bba11,1b733320-011c-479b-a5e8-a63bd69d08dd,frist one ,"[{""entity"":""eSelection"",""location"":[0,9],""value"":""first"",""confidence"":0.9},{""entity"":""sys-number"",""location"":[6,9],""value"":""1"",""confidence"":1,""metadata"":{""numeric_value"":1}}]","{""intent"":""iByeBye"",""confidence"":0.2462037915013639}",{{{user_selected_mini_statement_no}}} 
788e608a-118d-4c68-811a-45391400b024,2019-04-19T17:21:28.985Z,2019-04-19T17:21:29.043Z,37088b73-8bd5-4759-9d90-40749cee4db9,60ce18f5-d9c8-4155-8a4e-be62790f1a84,valid id,"[{""entity"":""eIDValidation"",""location"":[0,8],""value"":""IDisValid"",""confidence"":1}]","{""intent"":""iMyAccNumberIs"",""confidence"":0.554755163192749}",How can I help you today ?
788e608a-118d-4c68-811a-45391400b024,2019-04-19T17:21:27.167Z,2019-04-19T17:21:27.211Z,6b9f2bad-a257-4067-aa89-6f3c793eb790,60ce18f5-d9c8-4155-8a4e-be62790f1a84,12345,"[{""entity"":""eInceptionDate"",""location"":[0,5],""value"":""12345"",""confidence"":0.24336114525794983},{""entity"":""sys-number"",""location"":[0,5],""value"":""12345"",""confidence"":1,""metadata"":{""numeric_value"":12345}}]",,<!--comment--> {{{account_number}}}
788e608a-118d-4c68-811a-45391400b024,2019-04-19T17:21:39.768Z,2019-04-19T17:21:39.776Z,6fd6fcc4-443b-4e24-af6d-bf267252f18d,5a785527-3ee4-4b72-b019-6afc13edced4,,[],,"Hi! I am K buddy. ,Could you please tell me your 5 digit Customer ID number ?"
788e608a-118d-4c68-811a-45391400b024,2019-04-19T11:51:01.895Z,2019-04-19T11:51:01.945Z,a753e8b8-3960-42e6-b99f-6fa10bb9b5de,c7101116-3798-4cf1-9fb6-c288fdb9f863,i want to withdraw some money,"[{""entity"":""eWithdrawMoneyMethod"",""location"":[19,29],""value"":""partial withdraw"",""confidence"":1}]","{""intent"":""iRedemption"",""confidence"":1}",{{{get_scheme_for_redemption}}}
788e608a-118d-4c68-811a-45391400b024,2019-04-19T11:50:12.282Z,2019-04-19T11:50:12.348Z,5b36868a-2ba7-4a04-9527-c8ea78b409e0,c7101116-3798-4cf1-9fb6-c288fdb9f863,flight number is 12345,"[{""entity"":""eInceptionDate"",""location"":[17,22],""value"":""12345"",""confidence"":0.2460087239742279},{""entity"":""sys-number"",""location"":[17,22],""value"":""12345"",""confidence"":1,""metadata"":{""numeric_value"":12345}}]","{""intent"":""iMyAccNumberIs"",""confidence"":0.888771677017212}",<!--comment--> {{{account_number}}}
788e608a-118d-4c68-811a-45391400b024,2019-04-19T11:29:17.441Z,2019-04-19T11:29:17.456Z,ee57372f-5c12-4885-8b93-e2cf63501cc0,c7101116-3798-4cf1-9fb6-c288fdb9f863,,[],,"Hi! I am K buddy. ,Could you please tell me your 5 digit Customer ID number ?"
788e608a-118d-4c68-811a-45391400b024,2019-04-24T06:35:00.208Z,2019-04-24T06:35:00.222Z,0aa6da23-a353-4a5b-b004-28fd0cfb08ca,26525a74-8f6d-4967-a31e-dadf6610ed37,,[],,"Hi! I am K buddy. ,Could you please tell me your 5 digit Customer ID number ?"
788e608a-118d-4c68-811a-45391400b024,2019-04-24T06:35:25.010Z,2019-04-24T06:35:25.051Z,c72ce25c-cb41-436b-9ab3-c324ba70fbf2,26525a74-8f6d-4967-a31e-dadf6610ed37,valid id,"[{""entity"":""eIDValidation"",""location"":[0,8],""value"":""IDisValid"",""confidence"":1}]","{""intent"":""iMyAccNumberIs"",""confidence"":0.554755163192749}",How can I help you today ?
788e608a-118d-4c68-811a-45391400b024,2019-04-24T06:35:34.613Z,2019-04-24T06:35:34.817Z,767bb370-1d22-490c-9292-13dc9013664a,26525a74-8f6d-4967-a31e-dadf6610ed37,i want to know,[],"{""intent"":""iKnowMyNavValue"",""confidence"":0.503377366065979}","{{{check_account}}} ,What else I can do for you ?"
788e608a-118d-4c68-811a-45391400b024,2019-04-24T06:36:23.824Z,2019-04-24T06:36:23.859Z,f6e4b0ae-74b0-41e3-bc1e-5f5676fe9162,26525a74-8f6d-4967-a31e-dadf6610ed37,for first one,"[{""entity"":""eSelection"",""location"":[4,13],""value"":""first"",""confidence"":1},{""entity"":""sys-number"",""location"":[10,13],""value"":""1"",""confidence"":1,""metadata"":{""numeric_value"":1}}]","{""intent"":""iByeBye"",""confidence"":0.562233853340149}",{{{user_selected_statement_no}}} 
788e608a-118d-4c68-811a-45391400b024,2019-04-24T06:36:05.493Z,2019-04-24T06:36:05.538Z,54de8711-1f5e-4c60-9d68-00e14d06ac7e,26525a74-8f6d-4967-a31e-dadf6610ed37,i need statement,[],"{""intent"":""iSendStatement"",""confidence"":0.9458843231201173}",{{{user_provided_specific_dates}}}
788e608a-118d-4c68-811a-45391400b024,2019-04-30T04:52:19.363Z,2019-04-30T04:52:19.380Z,bc514e9d-1cb4-4f7b-9e57-e1683333d3f6,1d00e049-70f2-4c92-950d-e9267cea02b1,,[],,"Hi! I am K buddy. ,Could you please tell me your 5 digit Customer ID number ?"
788e608a-118d-4c68-811a-45391400b024,2019-04-30T05:19:34.370Z,2019-04-30T05:19:34.419Z,79121ddd-b3e3-456e-8d6e-b5ebd7753f3f,95ca9fb3-68ed-4134-a261-0990fe85f411,,[],,"Hi! I am K buddy. ,Could you please tell me your 5 digit Customer ID number ?"
788e608a-118d-4c68-811a-45391400b024,2019-04-30T05:22:24.344Z,2019-04-30T05:22:24.392Z,134c8d38-0260-401b-a502-0f3f9b550b25,1cc41775-8974-4c99-89c5-30f8cd7066a1,customer id is 12345,"[{""entity"":""eInceptionDate"",""location"":[15,20],""value"":""12345"",""confidence"":0.2460087239742279},{""entity"":""sys-number"",""location"":[15,20],""value"":""12345"",""confidence"":1,""metadata"":{""numeric_value"":12345}}]","{""intent"":""iMyAccNumberIs"",""confidence"":0.9071424007415771}",<!--comment--> {{{account_number}}}
788e608a-118d-4c68-811a-45391400b024,2019-04-30T05:22:25.876Z,2019-04-30T05:22:26.084Z,bcd34a57-d6dc-4a40-aac2-af0f4f4a7a9e,1cc41775-8974-4c99-89c5-30f8cd7066a1,valid id,"[{""entity"":""eIDValidation"",""location"":[0,8],""value"":""IDisValid"",""confidence"":1}]","{""intent"":""iMyAccNumberIs"",""confidence"":0.554755163192749}",How can I help you today ?
788e608a-118d-4c68-811a-45391400b024,2019-04-30T05:30:38.178Z,2019-04-30T05:30:38.232Z,25f146f4-ba8d-457b-924a-c9d3c3081ce8,1cc41775-8974-4c99-89c5-30f8cd7066a1,i want statement from the beginning,"[{""entity"":""eInceptionDate"",""location"":[26,35],""value"":""beginning"",""confidence"":0.7743906378746033}]","{""intent"":""iSendStatement"",""confidence"":0.9717641830444337}",{{{user_provided_specific_dates}}}
788e608a-118d-4c68-811a-45391400b024,2019-05-14T05:21:32.896Z,2019-05-14T05:21:33.038Z,037eb864-8d70-464f-bfc7-98a616ecbe70,93ad9194-9b26-4d73-ae96-3a8897958183,okay,"[{""entity"":""eResponses"",""location"":[0,4],""value"":""yes"",""confidence"":1}]",,What else I can do for you ?
788e608a-118d-4c68-811a-45391400b024,2019-05-14T05:21:32.410Z,2019-05-14T05:21:32.471Z,15795ddb-b6fe-4074-88bc-4b9e25c74639,93ad9194-9b26-4d73-ae96-3a8897958183,the first one,"[{""entity"":""eSelection"",""location"":[4,13],""value"":""first"",""confidence"":1},{""entity"":""sys-number"",""location"":[10,13],""value"":""1"",""confidence"":1,""metadata"":{""numeric_value"":1}}]",,{{{user_selected_statement_no}}} 
788e608a-118d-4c68-811a-45391400b024,2019-05-14T05:20:51.539Z,2019-05-14T05:20:51.556Z,a963a2ff-f201-4f17-b96e-acad44946d74,93ad9194-9b26-4d73-ae96-3a8897958183,,[],,"Hi! I am K buddy. ,Could you please tell me your 5 digit Customer ID number ?"
788e608a-118d-4c68-811a-45391400b024,2019-05-14T05:21:11.795Z,2019-05-14T05:21:11.936Z,87c06df8-853c-4bf3-a46b-aad9f3db3ea3,93ad9194-9b26-4d73-ae96-3a8897958183,i want to know my net asset value,"[{""entity"":""eNav"",""location"":[18,33],""value"":""Nav"",""confidence"":0.9975610971450806}]","{""intent"":""iKnowMyNavValue"",""confidence"":0.758511734008789}","{{{check_account}}} ,What else I can do for you ?"
788e608a-118d-4c68-811a-45391400b024,2019-05-14T05:21:00.277Z,2019-05-14T05:21:02.239Z,2768b88c-8315-4d43-91aa-48bd505e23e1,93ad9194-9b26-4d73-ae96-3a8897958183,my customer id is 12345,"[{""entity"":""eInceptionDate"",""location"":[18,23],""value"":""12345"",""confidence"":0.2460087239742279},{""entity"":""sys-number"",""location"":[18,23],""value"":""12345"",""confidence"":1,""metadata"":{""numeric_value"":12345}}]","{""intent"":""iMyAccNumberIs"",""confidence"":0.9157547950744629}",<!--comment--> {{{account_number}}}
788e608a-118d-4c68-811a-45391400b024,2019-05-14T05:22:25.235Z,2019-05-14T05:22:25.323Z,46b8a8fe-0150-44ea-b62c-b09b4a7b1629,93ad9194-9b26-4d73-ae96-3a8897958183,from the second one,"[{""entity"":""eSelection"",""location"":[9,19],""value"":""second"",""confidence"":1},{""entity"":""sys-number"",""location"":[16,19],""value"":""1"",""confidence"":1,""metadata"":{""numeric_value"":1}}]",,{{{check_for_user_scheme_selection_for_redemption}}}
788e608a-118d-4c68-811a-45391400b024,2019-05-14T05:23:08.772Z,2019-05-14T05:23:08.807Z,9218652a-4c92-41e3-afc2-a8b829e57bdd,93ad9194-9b26-4d73-ae96-3a8897958183,bye-bye,[],"{""intent"":""iByeBye"",""confidence"":0.9739147186279298}",Fantastic! I am glad I could help. Bye
788e608a-118d-4c68-811a-45391400b024,2019-05-14T05:22:50.764Z,2019-05-14T05:22:50.856Z,ce9b2290-c82e-4787-a29f-85e36253470c,93ad9194-9b26-4d73-ae96-3a8897958183,request submitted,"[{""entity"":""Submitted"",""location"":[0,17],""value"":""Request Submitted"",""confidence"":1}]","{""intent"":""iRedemption"",""confidence"":0.23251535356000375}","Your request has been submitted. One of our representative will contact you shortly.,What else I can do for you ?"
788e608a-118d-4c68-811a-45391400b024,2019-05-14T05:48:55.153Z,2019-05-14T05:48:55.225Z,17187eb7-0390-4d53-b30c-8a8882ee6057,2aee3c3b-0313-4e81-a2bf-4d953178f2a0,i would like to do partial withdrawal,"[{""entity"":""eWithdrawMoneyMethod"",""location"":[19,37],""value"":""partial withdraw"",""confidence"":0.7}]","{""intent"":""iRedemption"",""confidence"":0.755089521408081}","Please check & submit your  partial withdrawal request? <!--comment-->
    <br>
    <br>
    <div id=""_disabled"">
        <div class=""row"">
          <form class=""col s12""><div class=""row""><div>Min Amount is Rs. 1000 and Max Amount you can withdraw is Rs. {{{partial_withdrawal_amount}}}<br></div></div>
            <div class=""row"">
              <div class=""input-field col s12"">
                <i class=""material-icons prefix"">attach_money
                </i>
                <input id=""id_partial_withdraw_amount"" type=""number"" class=""validate"" max=""{{{partial_withdrawal_amount}}}"" min=""1000"" value=""1000"">
                <label for=""id_partial_withdraw_amount""></label>
              </div>
              <button id=""id_partial_withdraw_click"" class=""btn waves-effect waves-light grey darken-2 chip white-text"" type=""button"" onclick=""fullWithdrawal()""
                style=""margin: 0 55px 0 30px"">
                <i class=""fas fa-check prefix""></i>Submit</button>
                <button id=""id_cancel_click"" class=""btn waves-effect waves-light grey darken-2 chip white-text"" type=""button"" onclick=""GoBack()""
                style=""margin: 0"">
                <i class=""fas fa-check prefix""></i>Cancel</button>
            </div>
          </form>
        </div>
    </div>"
788e608a-118d-4c68-811a-45391400b024,2019-05-14T05:44:18.617Z,2019-05-14T05:44:18.624Z,4b8c737f-159f-4bf1-b626-a8ca42216b2a,2aee3c3b-0313-4e81-a2bf-4d953178f2a0,,[],,"Hi! I am K buddy. ,Could you please tell me your 5 digit Customer ID number ?"
788e608a-118d-4c68-811a-45391400b024,2019-05-14T05:47:37.730Z,2019-05-14T05:47:37.832Z,867aa934-5b4a-4bae-aa21-3c655f1cbe41,2aee3c3b-0313-4e81-a2bf-4d953178f2a0,i want to know my net asset value,"[{""entity"":""eNav"",""location"":[18,33],""value"":""Nav"",""confidence"":0.9975610971450806}]","{""intent"":""iKnowMyNavValue"",""confidence"":0.758511734008789}","{{{check_account}}} ,What else I can do for you ?"
788e608a-118d-4c68-811a-45391400b024,2019-05-14T05:47:27.840Z,2019-05-14T05:47:27.929Z,06cd964b-b19b-4bcb-935c-ae8e20c807e5,2aee3c3b-0313-4e81-a2bf-4d953178f2a0,my customer id is 12345,"[{""entity"":""eInceptionDate"",""location"":[18,23],""value"":""12345"",""confidence"":0.2460087239742279},{""entity"":""sys-number"",""location"":[18,23],""value"":""12345"",""confidence"":1,""metadata"":{""numeric_value"":12345}}]","{""intent"":""iMyAccNumberIs"",""confidence"":0.9157547950744629}",<!--comment--> {{{account_number}}}
788e608a-118d-4c68-811a-45391400b024,2019-05-14T05:48:00.039Z,2019-05-14T05:48:00.129Z,cd4b779e-a3f0-42ac-9f8e-bc14ad90ce9f,2aee3c3b-0313-4e81-a2bf-4d953178f2a0,i want a statement from the beginning,"[{""entity"":""eInceptionDate"",""location"":[28,37],""value"":""beginning"",""confidence"":0.7743906378746033}]","{""intent"":""iSendStatement"",""confidence"":0.9697212696075439}",{{{user_provided_specific_dates}}}
788e608a-118d-4c68-811a-45391400b024,2019-05-14T05:48:18.513Z,2019-05-14T05:48:18.562Z,861cb932-538f-443c-b97c-c265fc957065,2aee3c3b-0313-4e81-a2bf-4d953178f2a0,what questions you can handle,[],"{""intent"":""iHandleQuestion"",""confidence"":0.9816685199737549}","At the moment I am only trained to answer following question. Check Net Asset Value , Get Mini Statement, Get Statement, Update Aadhaar Number and Redemption,What else I can do for you ?"
788e608a-118d-4c68-811a-45391400b024,2019-05-14T05:48:09.442Z,2019-05-14T05:48:09.492Z,ab93fa9b-8872-481c-b06b-f3237ee14593,2aee3c3b-0313-4e81-a2bf-4d953178f2a0,for the first one,"[{""entity"":""eSelection"",""location"":[8,17],""value"":""first"",""confidence"":1},{""entity"":""sys-number"",""location"":[14,17],""value"":""1"",""confidence"":1,""metadata"":{""numeric_value"":1}}]","{""intent"":""iKnowMyNavValue"",""confidence"":0.5343732118606568}",{{{user_selected_statement_no}}} 
788e608a-118d-4c68-811a-45391400b024,2019-05-17T10:20:27.735Z,2019-05-17T10:20:27.778Z,7fc14d5e-e978-451d-901a-49d2ce18f955,d1a80b7e-ccb6-4acd-88da-98feec275274,partially,[],,"Can you reword your statement? I'm not understanding.,{{{check_for_user_scheme_selection_for_redemption}}}"
788e608a-118d-4c68-811a-45391400b024,2019-05-17T10:20:41.517Z,2019-05-17T10:20:41.560Z,3b3414e9-df7a-446a-a009-9ecad3b7889d,d1a80b7e-ccb6-4acd-88da-98feec275274,partial withdrawal,"[{""entity"":""eWithdrawMoneyMethod"",""location"":[0,18],""value"":""partial withdraw"",""confidence"":0.7}]","{""intent"":""iRedemption"",""confidence"":0.2977533627322742}","Please check & submit your  partial withdrawal request? <!--comment-->
    <br>
    <br>
    <div id=""_disabled"">
        <div class=""row"">
          <form class=""col s12""><div class=""row""><div>Min Amount is Rs. 1000 and Max Amount you can withdraw is Rs. {{{partial_withdrawal_amount}}}<br></div></div>
            <div class=""row"">
              <div class=""input-field col s12"">
                <i class=""material-icons prefix"">attach_money
                </i>
                <input id=""id_partial_withdraw_amount"" type=""number"" class=""validate"" max=""{{{partial_withdrawal_amount}}}"" min=""1000"" value=""1000"">
                <label for=""id_partial_withdraw_amount""></label>
              </div>
              <button id=""id_partial_withdraw_click"" class=""btn waves-effect waves-light grey darken-2 chip white-text"" type=""button"" onclick=""fullWithdrawal()""
                style=""margin: 0 55px 0 30px"">
                <i class=""fas fa-check prefix""></i>Submit</button>
                <button id=""id_cancel_click"" class=""btn waves-effect waves-light grey darken-2 chip white-text"" type=""button"" onclick=""GoBack()""
                style=""margin: 0"">
                <i class=""fas fa-check prefix""></i>Cancel</button>
            </div>
          </form>
        </div>
    </div>"
788e608a-118d-4c68-811a-45391400b024,2019-05-17T12:21:26.161Z,2019-05-17T12:21:26.176Z,f881873d-45f6-4e9f-a9f6-4714153df59b,c931d8d2-4c09-4627-af2e-1117dcb6fc36,,[],,"Hi! I am K buddy. ,Could you please tell me your 5 digit Customer ID number ?"
788e608a-118d-4c68-811a-45391400b024,2019-05-17T11:36:55.357Z,2019-05-17T11:36:55.432Z,7532ef80-611d-4924-b455-82093ae1f397,6433528e-850e-4db0-b01d-92b51b70ff0d,,[],,"Hi! I am K buddy. ,Could you please tell me your 5 digit Customer ID number ?"
788e608a-118d-4c68-811a-45391400b024,2019-05-17T12:00:44.605Z,2019-05-17T12:00:44.614Z,4915ca20-02c3-4e3d-8b40-c7261b20fcf6,294f0b81-05ce-49ea-921f-2c69966f8c75,,[],,"Hi! I am K buddy. ,Could you please tell me your 5 digit Customer ID number ?"
788e608a-118d-4c68-811a-45391400b024,2019-05-17T10:26:29.388Z,2019-05-17T10:26:29.396Z,d9123fc6-3fc4-4eb2-b633-fb0a5a224e89,5d9320a1-03db-4844-a057-ead45cd0230a,,[],,"Hi! I am K buddy. ,Could you please tell me your 5 digit Customer ID number ?"
788e608a-118d-4c68-811a-45391400b024,2019-05-17T10:30:31.160Z,2019-05-17T10:30:31.196Z,a11203a1-142d-41de-b1fb-5a4fb72d0b7c,5d9320a1-03db-4844-a057-ead45cd0230a,12345,"[{""entity"":""eInceptionDate"",""location"":[0,5],""value"":""12345"",""confidence"":0.24336114525794983},{""entity"":""sys-number"",""location"":[0,5],""value"":""12345"",""confidence"":1,""metadata"":{""numeric_value"":12345}}]",,<!--comment--> {{{account_number}}}
788e608a-118d-4c68-811a-45391400b024,2019-05-17T10:30:45.580Z,2019-05-17T10:30:45.621Z,0651d149-7cd2-4841-84c4-3a7b03056295,5d9320a1-03db-4844-a057-ead45cd0230a,for both,"[{""entity"":""eSelection"",""location"":[4,8],""value"":""both"",""confidence"":1}]","{""intent"":""iByeBye"",""confidence"":0.4263273000717163}",{{{user_selected_statement_no}}} 
788e608a-118d-4c68-811a-45391400b024,2019-05-17T10:30:51.626Z,2019-05-17T10:30:51.633Z,fa9cf6d0-54dd-4159-a2ea-4229593f67fa,f6d31391-90b6-406c-aa3f-9b39585317d6,,[],,"Hi! I am K buddy. ,Could you please tell me your 5 digit Customer ID number ?"
788e608a-118d-4c68-811a-45391400b024,2019-05-17T10:30:39.424Z,2019-05-17T10:30:39.483Z,e52e91fd-cfac-45ee-967f-c5b5996ee6dd,5d9320a1-03db-4844-a057-ead45cd0230a,i want a statement from beginning,"[{""entity"":""eInceptionDate"",""location"":[24,33],""value"":""beginning"",""confidence"":0.9394406080245972}]","{""intent"":""iSendStatement"",""confidence"":0.9653688907623292}",{{{user_provided_specific_dates}}}
788e608a-118d-4c68-811a-45391400b024,2019-05-17T09:28:07.927Z,2019-05-17T09:28:07.936Z,eb4be4e5-6528-40b1-a5e2-b5637c6c50a5,7edfd65e-f3d6-412d-9117-ba7f8f390c15,,[],,"Hi! I am K buddy. ,Could you please tell me your 5 digit Customer ID number ?"
788e608a-118d-4c68-811a-45391400b024,2019-05-17T09:42:40.197Z,2019-05-17T09:42:40.209Z,4d0fabbe-38a4-4ae3-b991-03ef7f887a87,db3032b1-79a6-4693-8263-79ae096c10df,,[],,"Hi! I am K buddy. ,Could you please tell me your 5 digit Customer ID number ?"
788e608a-118d-4c68-811a-45391400b024,2019-05-17T09:33:05.822Z,2019-05-17T09:33:05.834Z,95f44012-a461-46e5-8375-9753aaf01dc8,8545b63b-ad18-4820-a0ab-0ee4f7e09dda,,[],,"Hi! I am K buddy. ,Could you please tell me your 5 digit Customer ID number ?"
788e608a-118d-4c68-811a-45391400b024,2019-05-17T09:32:31.077Z,2019-05-17T09:32:32.224Z,0a85b3cd-55b3-4158-a465-cf5691e3fa52,7edfd65e-f3d6-412d-9117-ba7f8f390c15,345,"[{""entity"":""sys-number"",""location"":[0,3],""value"":""345"",""confidence"":1,""metadata"":{""numeric_value"":345}}]",,<!--comment--> {{{account_number}}}
788e608a-118d-4c68-811a-45391400b024,2019-05-17T09:32:36.001Z,2019-05-17T09:32:36.090Z,43e2f034-9629-432f-82f6-6b7cee56baea,dec475da-8459-46da-989c-3ab17261eb17,,[],,"Hi! I am K buddy. ,Could you please tell me your 5 digit Customer ID number ?"
788e608a-118d-4c68-811a-45391400b024,2019-05-17T10:18:45.513Z,2019-05-17T10:18:45.548Z,3e45a610-490b-45c8-9f60-0bf4d1f57086,d1a80b7e-ccb6-4acd-88da-98feec275274,valid id,"[{""entity"":""eIDValidation"",""location"":[0,8],""value"":""IDisValid"",""confidence"":1}]","{""intent"":""iMyAccNumberIs"",""confidence"":0.554755163192749}",How can I help you today ?
788e608a-118d-4c68-811a-45391400b024,2019-05-17T10:18:51.313Z,2019-05-17T10:18:51.380Z,6673fb2e-a169-41ff-92ec-06d00c6f2d08,d1a80b7e-ccb6-4acd-88da-98feec275274,i want to know my nav,"[{""entity"":""eNav"",""location"":[18,21],""value"":""Nav"",""confidence"":0.9554400444030762}]","{""intent"":""iKnowMyNavValue"",""confidence"":1}","{{{check_account}}} ,What else I can do for you ?"
788e608a-118d-4c68-811a-45391400b024,2019-05-17T10:19:45.324Z,2019-05-17T10:19:45.359Z,cb5b19e5-2a76-48cb-a117-99968a2a9c75,d1a80b7e-ccb6-4acd-88da-98feec275274,first one,"[{""entity"":""eSelection"",""location"":[0,9],""value"":""first"",""confidence"":1},{""entity"":""sys-number"",""location"":[6,9],""value"":""1"",""confidence"":1,""metadata"":{""numeric_value"":1}}]","{""intent"":""iByeBye"",""confidence"":0.21290949407613766}",{{{user_selected_statement_no}}} 
788e608a-118d-4c68-811a-45391400b024,2019-05-17T10:01:36.868Z,2019-05-17T10:01:36.875Z,3696fe0a-139e-4801-bfd8-f3446f696c99,d1a80b7e-ccb6-4acd-88da-98feec275274,,[],,"Hi! I am K buddy. ,Could you please tell me your 5 digit Customer ID number ?"
788e608a-118d-4c68-811a-45391400b024,2019-05-31T07:44:37.372Z,2019-05-31T07:44:38.182Z,6b463f6b-5f12-4f40-b620-a354f6974f5a,24b4d615-5940-4eba-90a2-33166e5b249f,my client id is 12345 please,"[{""entity"":""eInceptionDate"",""location"":[16,21],""value"":""12345"",""confidence"":0.12337880581617355},{""entity"":""sys-number"",""location"":[16,21],""value"":""12345"",""confidence"":1,""metadata"":{""numeric_value"":12345}}]","{""intent"":""iMyAccNumberIs"",""confidence"":0.702148151397705}",<!--comment--> {{{account_number}}}
788e608a-118d-4c68-811a-45391400b024,2019-05-31T07:44:27.050Z,2019-05-31T07:44:27.133Z,a28ee9f6-5049-4b48-8a6d-99f92f6f9816,24b4d615-5940-4eba-90a2-33166e5b249f,,[],,"Hi! I am K buddy. ,Could you please tell me your 5 digit Customer ID number ?"
788e608a-118d-4c68-811a-45391400b024,2019-05-31T07:45:33.145Z,2019-05-31T07:45:33.188Z,b061c315-0a06-4486-abdd-4b7520c6b38a,24b4d615-5940-4eba-90a2-33166e5b249f,first one please,"[{""entity"":""eSelection"",""location"":[0,9],""value"":""first"",""confidence"":1},{""entity"":""sys-number"",""location"":[6,9],""value"":""1"",""confidence"":1,""metadata"":{""numeric_value"":1}}]","{""intent"":""iByeBye"",""confidence"":0.25464908458758945}",{{{user_selected_statement_no}}} 
788e608a-118d-4c68-811a-45391400b024,2019-05-31T07:45:37.262Z,2019-05-31T07:45:37.299Z,46a5b5be-ac7f-43f5-8088-b677c44e2478,24b4d615-5940-4eba-90a2-33166e5b249f,bye,[],"{""intent"":""iByeBye"",""confidence"":1}",Fantastic! I am glad I could help. Bye
788e608a-118d-4c68-811a-45391400b024,2019-05-31T07:45:05.308Z,2019-05-31T07:45:05.468Z,c90198fd-bc2a-4076-ae7d-b3d37dcd3b74,24b4d615-5940-4eba-90a2-33166e5b249f,could you please tell my nav,"[{""entity"":""eNav"",""location"":[25,28],""value"":""Nav"",""confidence"":0.9554400444030762}]","{""intent"":""iKnowMyNavValue"",""confidence"":0.8965204715728761}","{{{check_account}}} ,What else I can do for you ?"
788e608a-118d-4c68-811a-45391400b024,2019-05-31T07:45:28.824Z,2019-05-31T07:45:28.868Z,de861212-d993-4bf3-a507-fb4e14eb2fa2,24b4d615-5940-4eba-90a2-33166e5b249f,get me my statement,[],"{""intent"":""iSendStatement"",""confidence"":0.9387617588043213}",{{{user_provided_specific_dates}}}
788e608a-118d-4c68-811a-45391400b024,2019-05-31T08:05:19.039Z,2019-05-31T08:05:19.072Z,93929819-35d5-48ad-bef9-ee9b0a1403e9,5c161e52-63c6-41ae-a4d4-afd47ea656c2,valid id,"[{""entity"":""eIDValidation"",""location"":[0,8],""value"":""IDisValid"",""confidence"":1}]","{""intent"":""iMyAccNumberIs"",""confidence"":0.554755163192749}",How can I help you today ?
788e608a-118d-4c68-811a-45391400b024,2019-06-06T06:35:20.718Z,2019-06-06T06:35:20.734Z,8bba41a8-de62-4d5e-8dbf-a5ed422f7d38,99696295-6989-415d-9e94-d0f79f23d5ca,,[],,"Hi! I am K buddy. ,Could you please tell me your 5 digit Customer ID number ?"
788e608a-118d-4c68-811a-45391400b024,2019-06-06T06:39:20.288Z,2019-06-06T06:39:20.370Z,e455cdaf-38ed-4b26-b08d-2da0ec2c2ace,637a58fa-d927-41b9-a887-2dbd87e8331b,i want to know my net asset value,"[{""entity"":""eNav"",""location"":[18,33],""value"":""Nav"",""confidence"":0.9975610971450806}]","{""intent"":""iKnowMyNavValue"",""confidence"":0.758511734008789}","{{{check_account}}} ,What else I can do for you ?"
788e608a-118d-4c68-811a-45391400b024,2019-06-06T06:39:41.467Z,2019-06-06T06:39:41.506Z,b6c04325-ceef-4513-9b70-a57760bcb1d3,637a58fa-d927-41b9-a887-2dbd87e8331b,for the first one,"[{""entity"":""eSelection"",""location"":[8,17],""value"":""first"",""confidence"":1},{""entity"":""sys-number"",""location"":[14,17],""value"":""1"",""confidence"":1,""metadata"":{""numeric_value"":1}}]","{""intent"":""iKnowMyNavValue"",""confidence"":0.5343732118606568}",{{{user_selected_statement_no}}} 
788e608a-118d-4c68-811a-45391400b024,2019-06-06T06:39:42.149Z,2019-06-06T06:39:42.194Z,4d51e8f5-71ff-4e36-ab2b-b30977b93e5e,637a58fa-d927-41b9-a887-2dbd87e8331b,okay,"[{""entity"":""eResponses"",""location"":[0,4],""value"":""yes"",""confidence"":1}]",,What else I can do for you ?
788e608a-118d-4c68-811a-45391400b024,2019-06-06T06:39:10.246Z,2019-06-06T06:39:11.348Z,e89d8713-feef-49bc-b70c-3feb7aee2e03,637a58fa-d927-41b9-a887-2dbd87e8331b,my id is 12345,"[{""entity"":""eInceptionDate"",""location"":[9,14],""value"":""12345"",""confidence"":0.2460087239742279},{""entity"":""sys-number"",""location"":[9,14],""value"":""12345"",""confidence"":1,""metadata"":{""numeric_value"":12345}}]","{""intent"":""iMyAccNumberIs"",""confidence"":0.9247647285461427}",<!--comment--> {{{account_number}}}
788e608a-118d-4c68-811a-45391400b024,2019-06-06T06:39:12.135Z,2019-06-06T06:39:12.178Z,efc91e70-ef08-4a41-bd49-302d6efebc4f,637a58fa-d927-41b9-a887-2dbd87e8331b,valid id,"[{""entity"":""eIDValidation"",""location"":[0,8],""value"":""IDisValid"",""confidence"":1}]","{""intent"":""iMyAccNumberIs"",""confidence"":0.554755163192749}",How can I help you today ?
788e608a-118d-4c68-811a-45391400b024,2019-06-06T06:39:51.474Z,2019-06-06T06:39:51.530Z,b1240b2b-9fb8-4bfd-99e9-da72aa6a56f1,637a58fa-d927-41b9-a887-2dbd87e8331b,i would like to withdraw some money,"[{""entity"":""eWithdrawMoneyMethod"",""location"":[25,35],""value"":""partial withdraw"",""confidence"":1}]","{""intent"":""iRedemption"",""confidence"":0.9900888442993165}",{{{get_scheme_for_redemption}}}
788e608a-118d-4c68-811a-45391400b024,2019-06-06T06:40:04.943Z,2019-06-06T06:40:04.981Z,d1b1b354-50bd-468f-9c02-0691cd5bd02d,637a58fa-d927-41b9-a887-2dbd87e8331b,for the second one,"[{""entity"":""eSelection"",""location"":[8,18],""value"":""second"",""confidence"":1},{""entity"":""sys-number"",""location"":[15,18],""value"":""1"",""confidence"":1,""metadata"":{""numeric_value"":1}}]","{""intent"":""iByeBye"",""confidence"":0.6082933902740479}",{{{check_for_user_scheme_selection_for_redemption}}}
788e608a-118d-4c68-811a-45391400b024,2019-06-06T06:39:03.287Z,2019-06-06T06:39:03.308Z,6a9d327a-7813-4b05-b75a-018ef28801f8,637a58fa-d927-41b9-a887-2dbd87e8331b,,[],,"Hi! I am K buddy. ,Could you please tell me your 5 digit Customer ID number ?"
788e608a-118d-4c68-811a-45391400b024,2019-04-19T06:36:25.087Z,2019-04-19T06:36:25.187Z,122474fd-13ae-464f-b1f1-200420b78957,bcd36bc2-de1b-4e3d-a45a-e8867c0bc295,i want a mini statement,[],"{""intent"":""iMiniStatement"",""confidence"":0.9603731155395507}",{{{id_check_acc_mini_statement}}}
788e608a-118d-4c68-811a-45391400b024,2019-04-19T06:36:05.570Z,2019-04-19T06:36:05.631Z,db6fc9df-d329-4584-aa3a-21bae6d2936a,bcd36bc2-de1b-4e3d-a45a-e8867c0bc295,how to do partial withdrawal,"[{""entity"":""eWithdrawMoneyMethod"",""location"":[10,28],""value"":""partial withdraw"",""confidence"":0.7}]","{""intent"":""iRedemption"",""confidence"":0.5857584238052369}","Please check & submit your  partial withdrawal request? <!--comment-->
    <br>
    <br>
    <div id=""_disabled"">
        <div class=""row"">
          <form class=""col s12""><div class=""row""><div>Min Amount is Rs. 1000 and Max Amount you can withdraw is Rs. {{{partial_withdrawal_amount}}}<br></div></div>
            <div class=""row"">
              <div class=""input-field col s12"">
                <i class=""material-icons prefix"">attach_money
                </i>
                <input id=""id_partial_withdraw_amount"" type=""number"" class=""validate"" max=""{{{partial_withdrawal_amount}}}"" min=""1000"" value=""1000"">
                <label for=""id_partial_withdraw_amount""></label>
              </div>
              <button id=""id_partial_withdraw_click"" class=""btn waves-effect waves-light grey darken-2 chip white-text"" type=""button"" onclick=""fullWithdrawal()""
                style=""margin: 0 55px 0 30px"">
                <i class=""fas fa-check prefix""></i>Submit</button>
                <button id=""id_cancel_click"" class=""btn waves-effect waves-light grey darken-2 chip white-text"" type=""button"" onclick=""GoBack()""
                style=""margin: 0"">
                <i class=""fas fa-check prefix""></i>Cancel</button>
            </div>
          </form>
        </div>
    </div>"
788e608a-118d-4c68-811a-45391400b024,2019-04-19T06:35:58.492Z,2019-04-19T06:35:58.530Z,22469dcc-be74-4f5f-b1f4-813226d785b1,bcd36bc2-de1b-4e3d-a45a-e8867c0bc295,the second one,"[{""entity"":""eSelection"",""location"":[4,14],""value"":""second"",""confidence"":1},{""entity"":""sys-number"",""location"":[11,14],""value"":""1"",""confidence"":1,""metadata"":{""numeric_value"":1}}]","{""intent"":""iByeBye"",""confidence"":0.23542760881489924}",{{{check_for_user_scheme_selection_for_redemption}}}
788e608a-118d-4c68-811a-45391400b024,2019-04-19T06:33:55.943Z,2019-04-19T06:33:55.980Z,8efdad41-a81f-4599-8128-13ff649ea915,7145fa33-9622-46d1-bd0e-743578cf7903,valid id,"[{""entity"":""eIDValidation"",""location"":[0,8],""value"":""IDisValid"",""confidence"":1}]","{""intent"":""iMyAccNumberIs"",""confidence"":0.554755163192749}",How can I help you today ?
788e608a-118d-4c68-811a-45391400b024,2019-04-19T06:34:29.914Z,2019-04-19T06:34:29.953Z,0c859c1c-7280-432e-bbb1-7f51d80f2e8b,bcd36bc2-de1b-4e3d-a45a-e8867c0bc295,valid id,"[{""entity"":""eIDValidation"",""location"":[0,8],""value"":""IDisValid"",""confidence"":1}]","{""intent"":""iMyAccNumberIs"",""confidence"":0.554755163192749}",How can I help you today ?
788e608a-118d-4c68-811a-45391400b024,2019-04-19T06:36:34.741Z,2019-04-19T06:36:34.880Z,2b1cb7ea-92b4-40e3-a5fc-60a984c0b7c3,bcd36bc2-de1b-4e3d-a45a-e8867c0bc295,i need it for both,"[{""entity"":""eSelection"",""location"":[14,18],""value"":""both"",""confidence"":1}]","{""intent"":""iKnowMyNavValue"",""confidence"":0.3470788598060608}",{{{user_selected_mini_statement_no}}} 
788e608a-118d-4c68-811a-45391400b024,2019-04-19T06:34:46.494Z,2019-04-19T06:34:46.542Z,bf8a7e28-bc47-47f7-893c-0e6bfb71a396,bcd36bc2-de1b-4e3d-a45a-e8867c0bc295,first one,"[{""entity"":""eSelection"",""location"":[0,9],""value"":""first"",""confidence"":1},{""entity"":""sys-number"",""location"":[6,9],""value"":""1"",""confidence"":1,""metadata"":{""numeric_value"":1}}]","{""intent"":""iByeBye"",""confidence"":0.21290949407613766}",I did not get your meaning. Please rephrase your statement.
788e608a-118d-4c68-811a-45391400b024,2019-04-19T06:35:28.025Z,2019-04-19T06:35:28.181Z,f4ac73b9-3859-49d3-b736-04a77ef70f78,bcd36bc2-de1b-4e3d-a45a-e8867c0bc295,i want a statement from beginning till now,"[{""entity"":""eInceptionDate"",""location"":[24,33],""value"":""beginning"",""confidence"":0.8487511277198792},{""entity"":""eTillNow"",""location"":[34,42],""value"":""till"",""confidence"":0.993119478225708},{""entity"":""sys-date"",""location"":[39,42],""value"":""2019-04-19"",""confidence"":1,""metadata"":{""calendar_type"":""GREGORIAN"",""timezone"":""GMT""}},{""entity"":""sys-time"",""location"":[39,42],""value"":""06:35:28"",""confidence"":1,""metadata"":{""calendar_type"":""GREGORIAN"",""timezone"":""GMT""}}]","{""intent"":""iSendStatement"",""confidence"":0.9683119773864746}",{{{inception_to_tillnow}}}
788e608a-118d-4c68-811a-45391400b024,2019-04-19T06:33:55.234Z,2019-04-19T06:33:55.281Z,61d3cb9c-df0f-462e-8930-1ce55df4beb9,7145fa33-9622-46d1-bd0e-743578cf7903,12345,"[{""entity"":""eInceptionDate"",""location"":[0,5],""value"":""12345"",""confidence"":0.24336114525794983},{""entity"":""sys-number"",""location"":[0,5],""value"":""12345"",""confidence"":1,""metadata"":{""numeric_value"":12345}}]",,<!--comment--> {{{account_number}}}
788e608a-118d-4c68-811a-45391400b024,2019-04-19T04:43:15.556Z,2019-04-19T04:43:15.593Z,4de10bb9-dbdb-4dbe-8cd9-6d218d7c76e6,1b733320-011c-479b-a5e8-a63bd69d08dd,first one,"[{""entity"":""eSelection"",""location"":[0,9],""value"":""first"",""confidence"":1},{""entity"":""sys-number"",""location"":[6,9],""value"":""1"",""confidence"":1,""metadata"":{""numeric_value"":1}}]","{""intent"":""iByeBye"",""confidence"":0.21290949407613766}",{{{check_for_user_scheme_selection_for_redemption}}}
788e608a-118d-4c68-811a-45391400b024,2019-04-19T04:44:25.868Z,2019-04-19T04:44:25.988Z,31ae43a3-71e9-416f-a238-219af1b407d8,1b733320-011c-479b-a5e8-a63bd69d08dd,could you please tell me my net assest value,"[{""entity"":""eNav"",""location"":[28,44],""value"":""net assest value"",""confidence"":0.4884883463382721}]","{""intent"":""iKnowMyNavValue"",""confidence"":0.5260135650634765}","{{{check_account}}} ,What else I can do for you ?"
788e608a-118d-4c68-811a-45391400b024,2019-04-19T04:44:47.959Z,2019-04-19T04:44:48.081Z,ad9d8bfd-d604-409c-9d0b-bca76ca06280,1b733320-011c-479b-a5e8-a63bd69d08dd,i want to know nav for axis focused ,"[{""entity"":""eNav"",""location"":[15,18],""value"":""Nav"",""confidence"":0.9687873125076294},{""entity"":""eMFSchemes"",""location"":[23,35],""value"":""AxisFocused"",""confidence"":0.99708491563797}]","{""intent"":""iKnowMyNavValue"",""confidence"":0.9794063091278076}","{{{check_account}}} ,What else I can do for you ?"
788e608a-118d-4c68-811a-45391400b024,2019-04-19T04:45:02.497Z,2019-04-19T04:45:02.689Z,43ec1613-6ee2-4c4d-9f41-7c14f9663c72,1b733320-011c-479b-a5e8-a63bd69d08dd,i want to update my aadhar information,[],"{""intent"":""iUpdateAadhaar"",""confidence"":0.7736640453338623}","Please upload your aadhaar card? Sample image is provided below. You can always cancel this request and ask me something else <!-- comment --> <br><br>
        <div id=""_disabled"">
            <div class=""row"">    <img class=""responsive-img"" src=""https://i.imgur.com/ODePo0R.jpg"" style=""display: block;
    margin-left: auto;
    margin-right: auto;
    width: 60%;"">


                <form class=""col s12"" id=""upload_aadhaar"">
                   
                    <div class=""file-field input-field"">
                        <div class=""btn grey darken-4 chip white-text""> <span>Upload</span> <input id=""image_upload"" name=""image"" type=""file"" accept=""image/*"">
                        </div>
                        <div class=""file-path-wrapper""> <input id=""id_file_upload"" class=""file-path validate"" placeholder=""Accepted picture format: JPEG/JPG""
                                type=""text""> </div>
                    </div> <br> <button class=""btn amber lighten-1 waves-effect waves-light white-text chip"" type=""submit""> <i class=""material-icons prefix left"">send</i>Submit</button>
                    <button class=""btn btn amber lighten-1 waves-effect waves-light white-text chip"" type=""button"" onclick=GoBack();>
                        <i class=""material-icons prefix left"">cancel</i>Cancel</button><div id=""spinner"" style=""float:right; margin-right:10px; visibility:hidden;"" class=""preloader-wrapper small active"">
        <div class=""spinner-layer spinner-red"">
          <div class=""circle-clipper left"">
            <div class=""circle""></div>
          </div>
          <div class=""gap-patch"">
            <div class=""circle""></div>
          </div>
          <div class=""circle-clipper right"">
            <div class=""circle""></div>
          </div>
        </div>
        <div class=""spinner-layer spinner-yellow"">
          <div class=""circle-clipper left"">
            <div class=""circle""></div>
          </div>
          <div class=""gap-patch"">
            <div class=""circle""></div>
          </div>
          <div class=""circle-clipper right"">
            <div class=""circle""></div>
          </div>
        </div>
      </div>
                    </div>
                </form>
            </div>
        </div>"
788e608a-118d-4c68-811a-45391400b024,2019-04-19T04:42:28.716Z,2019-04-19T04:42:28.733Z,8e7c98ca-1acd-4a0c-a97f-c31b05355e24,1b733320-011c-479b-a5e8-a63bd69d08dd,,[],,"Hi! I am K buddy. ,Could you please tell me your 5 digit Customer ID number ?"
788e608a-118d-4c68-811a-45391400b024,2019-04-19T04:42:32.944Z,2019-04-19T04:42:36.139Z,6ed5f3c4-3e34-4e1b-898f-ccad5e2a7299,1b733320-011c-479b-a5e8-a63bd69d08dd,12345,"[{""entity"":""eInceptionDate"",""location"":[0,5],""value"":""12345"",""confidence"":0.24336114525794983},{""entity"":""sys-number"",""location"":[0,5],""value"":""12345"",""confidence"":1,""metadata"":{""numeric_value"":12345}}]",,<!--comment--> {{{account_number}}}
788e608a-118d-4c68-811a-45391400b024,2019-04-19T04:42:36.827Z,2019-04-19T04:42:36.863Z,d6dfbce2-5c12-429a-9a6e-8a474c017e81,1b733320-011c-479b-a5e8-a63bd69d08dd,valid id,"[{""entity"":""eIDValidation"",""location"":[0,8],""value"":""IDisValid"",""confidence"":1}]","{""intent"":""iMyAccNumberIs"",""confidence"":0.554755163192749}",How can I help you today ?
788e608a-118d-4c68-811a-45391400b024,2019-04-19T05:11:43.525Z,2019-04-19T05:11:43.572Z,127a5ab2-f37e-4474-85d6-1be39e72114a,384c69ad-9edd-4ab6-a684-5433c9308bf4,second one,"[{""entity"":""eSelection"",""location"":[0,10],""value"":""second"",""confidence"":1},{""entity"":""sys-number"",""location"":[7,10],""value"":""1"",""confidence"":1,""metadata"":{""numeric_value"":1}}]","{""intent"":""iByeBye"",""confidence"":0.26238731259334713}",{{{user_selected_mini_statement_no}}} 
788e608a-118d-4c68-811a-45391400b024,2019-04-19T05:11:44.499Z,2019-04-19T05:11:44.535Z,a7c87fe0-0e55-4fcc-a616-26d68d4dfd7b,384c69ad-9edd-4ab6-a684-5433c9308bf4,okay,"[{""entity"":""eResponses"",""location"":[0,4],""value"":""yes"",""confidence"":1}]",,What else I can do for you ?
788e608a-118d-4c68-811a-45391400b024,2019-04-19T05:10:21.705Z,2019-04-19T05:10:21.784Z,4081a4b3-9b9c-43d2-9838-5a27286156e5,384c69ad-9edd-4ab6-a684-5433c9308bf4,i would like to withdraw some money,"[{""entity"":""eWithdrawMoneyMethod"",""location"":[25,35],""value"":""partial withdraw"",""confidence"":1}]","{""intent"":""iRedemption"",""confidence"":0.9900888442993165}",{{{get_scheme_for_redemption}}}
788e608a-118d-4c68-811a-45391400b024,2019-04-19T05:10:11.322Z,2019-04-19T05:10:11.368Z,d9301e5d-f55a-4b00-93be-b74cfef24b91,384c69ad-9edd-4ab6-a684-5433c9308bf4,i need for both,"[{""entity"":""eSelection"",""location"":[11,15],""value"":""both"",""confidence"":1}]","{""intent"":""iKnowMyNavValue"",""confidence"":0.3848169445991516}",{{{user_selected_statement_no}}} 
788e608a-118d-4c68-811a-45391400b024,2019-04-19T05:11:20.544Z,2019-04-19T05:11:20.675Z,f77bb272-2e62-4531-b90a-2c561a2420a4,384c69ad-9edd-4ab6-a684-5433c9308bf4,i want a mini statement,[],"{""intent"":""iMiniStatement"",""confidence"":0.9603731155395507}",{{{id_check_acc_mini_statement}}}
788e608a-118d-4c68-811a-45391400b024,2019-04-19T05:10:42.167Z,2019-04-19T05:10:42.285Z,3d01a9a2-d951-420d-bd1e-83cd10f44552,384c69ad-9edd-4ab6-a684-5433c9308bf4,i would like to do for withdrawal,[],"{""intent"":""iRedemption"",""confidence"":0.808759117126465}",{{{get_scheme_for_redemption}}}
788e608a-118d-4c68-811a-45391400b024,2019-04-19T05:09:28.145Z,2019-04-19T05:09:28.269Z,72cd5440-a591-4413-992a-f7731ab9ab04,384c69ad-9edd-4ab6-a684-5433c9308bf4,valid id,"[{""entity"":""eIDValidation"",""location"":[0,8],""value"":""IDisValid"",""confidence"":1}]","{""intent"":""iMyAccNumberIs"",""confidence"":0.554755163192749}",How can I help you today ?
788e608a-118d-4c68-811a-45391400b024,2019-04-19T05:12:47.728Z,2019-04-19T05:12:47.734Z,333a913d-5069-412b-9340-dd3bad73ed65,7145fa33-9622-46d1-bd0e-743578cf7903,,[],,"Hi! I am K buddy. ,Could you please tell me your 5 digit Customer ID number ?"
788e608a-118d-4c68-811a-45391400b024,2019-04-19T05:12:08.539Z,2019-04-19T05:12:08.637Z,96e38629-ccb3-4f35-823c-ba8e660382c2,384c69ad-9edd-4ab6-a684-5433c9308bf4,i want to know the net asset value for axis long term equity,"[{""entity"":""eNav"",""location"":[19,34],""value"":""Nav"",""confidence"":0.9975610971450806},{""entity"":""eMFSchemes"",""location"":[39,60],""value"":""AxisLongTermEquity"",""confidence"":0.9973003268241882}]","{""intent"":""iKnowMyNavValue"",""confidence"":0.8515472888946534}","{{{check_account}}} ,What else I can do for you ?"
788e608a-118d-4c68-811a-45391400b024,2019-04-19T17:21:07.539Z,2019-04-19T17:21:07.545Z,21cdd317-929c-4e26-b9c9-29ee92976c16,6f567879-c317-43b7-8fef-0db1f14ef0a4,,[],,"Hi! I am K buddy. ,Could you please tell me your 5 digit Customer ID number ?"
788e608a-118d-4c68-811a-45391400b024,2019-04-19T17:20:12.476Z,2019-04-19T17:20:12.491Z,eca1c141-d8d5-4458-95e5-8ca6c92136df,60ce18f5-d9c8-4155-8a4e-be62790f1a84,,[],,"Hi! I am K buddy. ,Could you please tell me your 5 digit Customer ID number ?"
788e608a-118d-4c68-811a-45391400b024,2019-04-19T17:49:51.157Z,2019-04-19T17:49:51.164Z,66203afb-9028-4ece-a549-89ae3c76c19c,ce901611-4789-42fe-9a35-59690b3a66a5,,[],,"Hi! I am K buddy. ,Could you please tell me your 5 digit Customer ID number ?"
788e608a-118d-4c68-811a-45391400b024,2019-04-19T11:51:30.353Z,2019-04-19T11:51:30.392Z,eade946c-af23-4ba7-bd9f-7e9e2043250b,c7101116-3798-4cf1-9fb6-c288fdb9f863,request submitted,"[{""entity"":""Submitted"",""location"":[0,17],""value"":""Request Submitted"",""confidence"":1}]","{""intent"":""iRedemption"",""confidence"":0.23251535356000375}","Your request has been submitted. One of our representative will contact you shortly.,What else I can do for you ?"
788e608a-118d-4c68-811a-45391400b024,2019-04-19T11:51:21.885Z,2019-04-19T11:51:21.996Z,1747de69-6e7d-420f-8586-2ec0480126c2,c7101116-3798-4cf1-9fb6-c288fdb9f863,i would like to do partial withdrawal,"[{""entity"":""eWithdrawMoneyMethod"",""location"":[19,37],""value"":""partial withdraw"",""confidence"":0.7}]","{""intent"":""iRedemption"",""confidence"":0.755089521408081}","Please check & submit your  partial withdrawal request? <!--comment-->
    <br>
    <br>
    <div id=""_disabled"">
        <div class=""row"">
          <form class=""col s12""><div class=""row""><div>Min Amount is Rs. 1000 and Max Amount you can withdraw is Rs. {{{partial_withdrawal_amount}}}<br></div></div>
            <div class=""row"">
              <div class=""input-field col s12"">
                <i class=""material-icons prefix"">attach_money
                </i>
                <input id=""id_partial_withdraw_amount"" type=""number"" class=""validate"" max=""{{{partial_withdrawal_amount}}}"" min=""1000"" value=""1000"">
                <label for=""id_partial_withdraw_amount""></label>
              </div>
              <button id=""id_partial_withdraw_click"" class=""btn waves-effect waves-light grey darken-2 chip white-text"" type=""button"" onclick=""fullWithdrawal()""
                style=""margin: 0 55px 0 30px"">
                <i class=""fas fa-check prefix""></i>Submit</button>
                <button id=""id_cancel_click"" class=""btn waves-effect waves-light grey darken-2 chip white-text"" type=""button"" onclick=""GoBack()""
                style=""margin: 0"">
                <i class=""fas fa-check prefix""></i>Cancel</button>
            </div>
          </form>
        </div>
    </div>"
788e608a-118d-4c68-811a-45391400b024,2019-04-19T11:51:13.722Z,2019-04-19T11:51:13.766Z,2973f850-50fc-49e9-9d3f-eaa108a46c4d,c7101116-3798-4cf1-9fb6-c288fdb9f863,second one,"[{""entity"":""eSelection"",""location"":[0,10],""value"":""second"",""confidence"":1},{""entity"":""sys-number"",""location"":[7,10],""value"":""1"",""confidence"":1,""metadata"":{""numeric_value"":1}}]","{""intent"":""iByeBye"",""confidence"":0.26238731259334713}",{{{check_for_user_scheme_selection_for_redemption}}}
788e608a-118d-4c68-811a-45391400b024,2019-04-19T11:50:12.929Z,2019-04-19T11:50:12.973Z,9162949e-db09-4eb7-8f9b-80bbae1f7f10,c7101116-3798-4cf1-9fb6-c288fdb9f863,valid id,"[{""entity"":""eIDValidation"",""location"":[0,8],""value"":""IDisValid"",""confidence"":1}]","{""intent"":""iMyAccNumberIs"",""confidence"":0.554755163192749}",How can I help you today ?
788e608a-118d-4c68-811a-45391400b024,2019-04-19T11:50:21.091Z,2019-04-19T11:50:21.171Z,bbdb48df-3ff7-472a-843a-449d295008c9,c7101116-3798-4cf1-9fb6-c288fdb9f863,i want to know my net asset value,"[{""entity"":""eNav"",""location"":[18,33],""value"":""Nav"",""confidence"":0.9975610971450806}]","{""intent"":""iKnowMyNavValue"",""confidence"":0.758511734008789}","{{{check_account}}} ,What else I can do for you ?"
788e608a-118d-4c68-811a-45391400b024,2019-04-19T11:50:31.992Z,2019-04-19T11:50:32.077Z,cb6ee6f0-3822-4fcd-b1e3-7f7e998d88bd,c7101116-3798-4cf1-9fb6-c288fdb9f863,i want a statement from beginning till now,"[{""entity"":""eInceptionDate"",""location"":[24,33],""value"":""beginning"",""confidence"":0.8487511277198792},{""entity"":""eTillNow"",""location"":[34,42],""value"":""till"",""confidence"":0.993119478225708},{""entity"":""sys-date"",""location"":[39,42],""value"":""2019-04-19"",""confidence"":1,""metadata"":{""calendar_type"":""GREGORIAN"",""timezone"":""GMT""}},{""entity"":""sys-time"",""location"":[39,42],""value"":""11:50:32"",""confidence"":1,""metadata"":{""calendar_type"":""GREGORIAN"",""timezone"":""GMT""}}]","{""intent"":""iSendStatement"",""confidence"":0.9683119773864746}",{{{inception_to_tillnow}}}
788e608a-118d-4c68-811a-45391400b024,2019-04-19T11:50:41.371Z,2019-04-19T11:50:41.427Z,44b1fc37-0a3c-494c-b61a-b0d5e9cecfc6,c7101116-3798-4cf1-9fb6-c288fdb9f863,for first one,"[{""entity"":""eSelection"",""location"":[4,13],""value"":""first"",""confidence"":1},{""entity"":""sys-number"",""location"":[10,13],""value"":""1"",""confidence"":1,""metadata"":{""numeric_value"":1}}]","{""intent"":""iByeBye"",""confidence"":0.562233853340149}",{{{user_selected_statement_no}}} 
788e608a-118d-4c68-811a-45391400b024,2019-04-19T11:50:41.995Z,2019-04-19T11:50:42.037Z,9fac908d-029e-4226-8432-cdb38de8a373,c7101116-3798-4cf1-9fb6-c288fdb9f863,okay,"[{""entity"":""eResponses"",""location"":[0,4],""value"":""yes"",""confidence"":1}]",,What else I can do for you ?
788e608a-118d-4c68-811a-45391400b024,2019-04-19T11:51:47.087Z,2019-04-19T11:51:47.146Z,c384a8a9-4b7c-4d85-9764-5eb060fc2000,c7101116-3798-4cf1-9fb6-c288fdb9f863,i want a mini statement,[],"{""intent"":""iMiniStatement"",""confidence"":0.9603731155395507}",{{{id_check_acc_mini_statement}}}
788e608a-118d-4c68-811a-45391400b024,2019-04-24T06:35:45.743Z,2019-04-24T06:35:45.901Z,a8924b0c-4dd6-4196-9a61-16a1142e2310,26525a74-8f6d-4967-a31e-dadf6610ed37,i want a statement from beginning till now,"[{""entity"":""eInceptionDate"",""location"":[24,33],""value"":""beginning"",""confidence"":0.8487511277198792},{""entity"":""eTillNow"",""location"":[34,42],""value"":""till"",""confidence"":0.993119478225708},{""entity"":""sys-date"",""location"":[39,42],""value"":""2019-04-24"",""confidence"":1,""metadata"":{""calendar_type"":""GREGORIAN"",""timezone"":""GMT""}},{""entity"":""sys-time"",""location"":[39,42],""value"":""06:35:45"",""confidence"":1,""metadata"":{""calendar_type"":""GREGORIAN"",""timezone"":""GMT""}}]","{""intent"":""iSendStatement"",""confidence"":0.9683119773864746}",{{{inception_to_tillnow}}}
788e608a-118d-4c68-811a-45391400b024,2019-04-24T06:35:22.603Z,2019-04-24T06:35:24.300Z,7dd6aa6d-561e-4cef-8909-ad82fd303b64,26525a74-8f6d-4967-a31e-dadf6610ed37,my customer id is 12345,"[{""entity"":""eInceptionDate"",""location"":[18,23],""value"":""12345"",""confidence"":0.2460087239742279},{""entity"":""sys-number"",""location"":[18,23],""value"":""12345"",""confidence"":1,""metadata"":{""numeric_value"":12345}}]","{""intent"":""iMyAccNumberIs"",""confidence"":0.9157547950744629}",<!--comment--> {{{account_number}}}
788e608a-118d-4c68-811a-45391400b024,2019-04-24T06:36:24.547Z,2019-04-24T06:36:24.580Z,c652d550-ea16-4a12-85bd-09b7a8405c71,26525a74-8f6d-4967-a31e-dadf6610ed37,okay,"[{""entity"":""eResponses"",""location"":[0,4],""value"":""yes"",""confidence"":1}]",,What else I can do for you ?
788e608a-118d-4c68-811a-45391400b024,2019-04-24T06:35:55.609Z,2019-04-24T06:35:55.674Z,49d23f69-78a8-4275-8204-fc7ecf307ef1,26525a74-8f6d-4967-a31e-dadf6610ed37,i need it for 55,"[{""entity"":""eMFSchemes"",""location"":[14,16],""value"":""55"",""confidence"":0.940089225769043},{""entity"":""sys-number"",""location"":[14,16],""value"":""55"",""confidence"":1,""metadata"":{""numeric_value"":55}}]","{""intent"":""iByeBye"",""confidence"":0.3635110974311829}",I did not get your meaning. Please rephrase your statement.
788e608a-118d-4c68-811a-45391400b024,2019-04-24T06:36:39.061Z,2019-04-24T06:36:39.120Z,788eeed5-86bf-4761-929a-7b8681442877,26525a74-8f6d-4967-a31e-dadf6610ed37,i want to update my aadhar number,"[{""entity"":""eAadhaar"",""location"":[20,26],""value"":""aadhaar"",""confidence"":0.5398168563842773}]","{""intent"":""iUpdateAadhaar"",""confidence"":0.8273548126220704}","Please upload your aadhaar card? Sample image is provided below. You can always cancel this request and ask me something else <!-- comment --> <br><br>
        <div id=""_disabled"">
            <div class=""row"">    <img class=""responsive-img"" src=""https://i.imgur.com/ODePo0R.jpg"" style=""display: block;
    margin-left: auto;
    margin-right: auto;
    width: 60%;"">


                <form class=""col s12"" id=""upload_aadhaar"">
                   
                    <div class=""file-field input-field"">
                        <div class=""btn grey darken-4 chip white-text""> <span>Upload</span> <input id=""image_upload"" name=""image"" type=""file"" accept=""image/*"">
                        </div>
                        <div class=""file-path-wrapper""> <input id=""id_file_upload"" class=""file-path validate"" placeholder=""Accepted picture format: JPEG/JPG""
                                type=""text""> </div>
                    </div> <br> <button class=""btn amber lighten-1 waves-effect waves-light white-text chip"" type=""submit""> <i class=""material-icons prefix left"">send</i>Submit</button>
                    <button class=""btn btn amber lighten-1 waves-effect waves-light white-text chip"" type=""button"" onclick=GoBack();>
                        <i class=""material-icons prefix left"">cancel</i>Cancel</button><div id=""spinner"" style=""float:right; margin-right:10px; visibility:hidden;"" class=""preloader-wrapper small active"">
        <div class=""spinner-layer spinner-red"">
          <div class=""circle-clipper left"">
            <div class=""circle""></div>
          </div>
          <div class=""gap-patch"">
            <div class=""circle""></div>
          </div>
          <div class=""circle-clipper right"">
            <div class=""circle""></div>
          </div>
        </div>
        <div class=""spinner-layer spinner-yellow"">
          <div class=""circle-clipper left"">
            <div class=""circle""></div>
          </div>
          <div class=""gap-patch"">
            <div class=""circle""></div>
          </div>
          <div class=""circle-clipper right"">
            <div class=""circle""></div>
          </div>
        </div>
      </div>
                    </div>
                </form>
            </div>
        </div>"
788e608a-118d-4c68-811a-45391400b024,2019-04-30T05:20:14.647Z,2019-04-30T05:20:15.512Z,d205c171-55af-4a59-9e07-278be8e36d5d,95ca9fb3-68ed-4134-a261-0990fe85f411,number is 12345,"[{""entity"":""eInceptionDate"",""location"":[10,15],""value"":""12345"",""confidence"":0.2460087239742279},{""entity"":""sys-number"",""location"":[10,15],""value"":""12345"",""confidence"":1,""metadata"":{""numeric_value"":12345}}]","{""intent"":""iMyAccNumberIs"",""confidence"":0.9257805347442627}",<!--comment--> {{{account_number}}}
788e608a-118d-4c68-811a-45391400b024,2019-04-30T05:20:16.090Z,2019-04-30T05:20:16.131Z,41f8edcc-6d3e-4fb0-b749-d8c2b370715f,95ca9fb3-68ed-4134-a261-0990fe85f411,valid id,"[{""entity"":""eIDValidation"",""location"":[0,8],""value"":""IDisValid"",""confidence"":1}]","{""intent"":""iMyAccNumberIs"",""confidence"":0.554755163192749}",How can I help you today ?
788e608a-118d-4c68-811a-45391400b024,2019-04-30T05:20:34.032Z,2019-04-30T05:20:34.129Z,5e740c84-35dc-4809-b970-ecf264b78988,95ca9fb3-68ed-4134-a261-0990fe85f411,i want to know my net asset value,"[{""entity"":""eNav"",""location"":[18,33],""value"":""Nav"",""confidence"":0.9975610971450806}]","{""intent"":""iKnowMyNavValue"",""confidence"":0.758511734008789}","{{{check_account}}} ,What else I can do for you ?"
788e608a-118d-4c68-811a-45391400b024,2019-04-30T05:22:12.277Z,2019-04-30T05:22:12.284Z,e8d8d347-b5f7-4946-993d-dfbb6ba496d1,1cc41775-8974-4c99-89c5-30f8cd7066a1,,[],,"Hi! I am K buddy. ,Could you please tell me your 5 digit Customer ID number ?"
788e608a-118d-4c68-811a-45391400b024,2019-04-30T05:31:14.480Z,2019-04-30T05:31:14.531Z,84e2681a-6986-4026-9b9d-e1b744dfd239,1cc41775-8974-4c99-89c5-30f8cd7066a1,i need it for both,"[{""entity"":""eSelection"",""location"":[14,18],""value"":""both"",""confidence"":1}]","{""intent"":""iKnowMyNavValue"",""confidence"":0.3470788598060608}",{{{user_selected_mini_statement_no}}} 
788e608a-118d-4c68-811a-45391400b024,2019-04-30T05:30:50.124Z,2019-04-30T05:30:50.198Z,28190d0c-3c0a-4335-b503-292ecfd060b1,1cc41775-8974-4c99-89c5-30f8cd7066a1,first one,"[{""entity"":""eSelection"",""location"":[0,9],""value"":""first"",""confidence"":1},{""entity"":""sys-number"",""location"":[6,9],""value"":""1"",""confidence"":1,""metadata"":{""numeric_value"":1}}]","{""intent"":""iByeBye"",""confidence"":0.21290949407613766}",{{{user_selected_statement_no}}} 
788e608a-118d-4c68-811a-45391400b024,2019-04-30T05:30:51.780Z,2019-04-30T05:30:51.846Z,4578c7a3-2356-4c05-bbea-0621c36c333c,1cc41775-8974-4c99-89c5-30f8cd7066a1,okay,"[{""entity"":""eResponses"",""location"":[0,4],""value"":""yes"",""confidence"":1}]",,What else I can do for you ?
788e608a-118d-4c68-811a-45391400b024,2019-04-30T04:59:03.987Z,2019-04-30T04:59:04.000Z,5cb6c9e5-8030-4e1b-a040-c377ffb95936,a005ec8d-fb00-4220-b052-b0c0317456be,,[],,"Hi! I am K buddy. ,Could you please tell me your 5 digit Customer ID number ?"
788e608a-118d-4c68-811a-45391400b024,2019-04-30T05:31:02.947Z,2019-04-30T05:31:03.020Z,5d67caae-bd4f-4274-a7ba-bd57ec0011ab,1cc41775-8974-4c99-89c5-30f8cd7066a1,i want a mini statement,[],"{""intent"":""iMiniStatement"",""confidence"":0.9603731155395507}",{{{id_check_acc_mini_statement}}}
788e608a-118d-4c68-811a-45391400b024,2019-05-14T05:21:02.662Z,2019-05-14T05:21:02.705Z,0e00a9f5-a156-4b9c-9dc5-033f860593f2,93ad9194-9b26-4d73-ae96-3a8897958183,valid id,"[{""entity"":""eIDValidation"",""location"":[0,8],""value"":""IDisValid"",""confidence"":1}]","{""intent"":""iMyAccNumberIs"",""confidence"":0.554755163192749}",How can I help you today ?
788e608a-118d-4c68-811a-45391400b024,2019-05-14T05:21:23.095Z,2019-05-14T05:21:23.244Z,7507fb77-74ba-4248-88f1-90552e7db81b,93ad9194-9b26-4d73-ae96-3a8897958183,could you please send me my statement from the beginning,"[{""entity"":""eInceptionDate"",""location"":[47,56],""value"":""beginning"",""confidence"":0.7743906378746033}]","{""intent"":""iSendStatement"",""confidence"":0.951321792602539}",{{{user_provided_specific_dates}}}
788e608a-118d-4c68-811a-45391400b024,2019-05-14T05:21:58.235Z,2019-05-14T05:21:58.329Z,c2595d6c-17c6-4dc9-a0a9-8c38a0a29998,93ad9194-9b26-4d73-ae96-3a8897958183,what questions you can handle,[],"{""intent"":""iHandleQuestion"",""confidence"":0.9816685199737549}","At the moment I am only trained to answer following question. Check Net Asset Value , Get Mini Statement, Get Statement, Update Aadhaar Number and Redemption,What else I can do for you ?"
788e608a-118d-4c68-811a-45391400b024,2019-05-14T05:22:12.628Z,2019-05-14T05:22:12.677Z,83a0b64c-534f-44d9-9a6f-a70b0cf6561d,93ad9194-9b26-4d73-ae96-3a8897958183,i want to withdraw some money,"[{""entity"":""eWithdrawMoneyMethod"",""location"":[19,29],""value"":""partial withdraw"",""confidence"":1}]","{""intent"":""iRedemption"",""confidence"":1}",{{{get_scheme_for_redemption}}}
788e608a-118d-4c68-811a-45391400b024,2019-05-14T05:22:45.454Z,2019-05-14T05:22:45.522Z,dd8cea05-d596-4632-b07f-0d50a85af582,93ad9194-9b26-4d73-ae96-3a8897958183,like to do partial withdrawal,"[{""entity"":""eWithdrawMoneyMethod"",""location"":[11,29],""value"":""partial withdraw"",""confidence"":0.7}]","{""intent"":""iRedemption"",""confidence"":0.6821848392486572}","Please check & submit your  partial withdrawal request? <!--comment-->
    <br>
    <br>
    <div id=""_disabled"">
        <div class=""row"">
          <form class=""col s12""><div class=""row""><div>Min Amount is Rs. 1000 and Max Amount you can withdraw is Rs. {{{partial_withdrawal_amount}}}<br></div></div>
            <div class=""row"">
              <div class=""input-field col s12"">
                <i class=""material-icons prefix"">attach_money
                </i>
                <input id=""id_partial_withdraw_amount"" type=""number"" class=""validate"" max=""{{{partial_withdrawal_amount}}}"" min=""1000"" value=""1000"">
                <label for=""id_partial_withdraw_amount""></label>
              </div>
              <button id=""id_partial_withdraw_click"" class=""btn waves-effect waves-light grey darken-2 chip white-text"" type=""button"" onclick=""fullWithdrawal()""
                style=""margin: 0 55px 0 30px"">
                <i class=""fas fa-check prefix""></i>Submit</button>
                <button id=""id_cancel_click"" class=""btn waves-effect waves-light grey darken-2 chip white-text"" type=""button"" onclick=""GoBack()""
                style=""margin: 0"">
                <i class=""fas fa-check prefix""></i>Cancel</button>
            </div>
          </form>
        </div>
    </div>"
788e608a-118d-4c68-811a-45391400b024,2019-05-14T05:23:17.710Z,2019-05-14T05:23:17.717Z,699c9f07-4012-4f3e-aaad-829ab6907d05,f1c550ec-e6a2-461b-9108-c43813e2fda4,,[],,"Hi! I am K buddy. ,Could you please tell me your 5 digit Customer ID number ?"
788e608a-118d-4c68-811a-45391400b024,2019-05-14T05:48:46.439Z,2019-05-14T05:48:46.477Z,95895b1e-0957-420f-ac80-2ce5d256c256,2aee3c3b-0313-4e81-a2bf-4d953178f2a0,first one,"[{""entity"":""eSelection"",""location"":[0,9],""value"":""first"",""confidence"":1},{""entity"":""sys-number"",""location"":[6,9],""value"":""1"",""confidence"":1,""metadata"":{""numeric_value"":1}}]","{""intent"":""iByeBye"",""confidence"":0.21290949407613766}",{{{check_for_user_scheme_selection_for_redemption}}}
788e608a-118d-4c68-811a-45391400b024,2019-05-14T05:49:02.482Z,2019-05-14T05:49:02.513Z,74e99a78-a1b1-4299-b177-2d362b2c85d8,2aee3c3b-0313-4e81-a2bf-4d953178f2a0,request submitted,"[{""entity"":""Submitted"",""location"":[0,17],""value"":""Request Submitted"",""confidence"":1}]","{""intent"":""iRedemption"",""confidence"":0.23251535356000375}","Your request has been submitted. One of our representative will contact you shortly.,What else I can do for you ?"
788e608a-118d-4c68-811a-45391400b024,2019-05-14T05:48:34.660Z,2019-05-14T05:48:34.778Z,05d2d92e-8389-4e97-9e05-5b6f6e54d2e0,2aee3c3b-0313-4e81-a2bf-4d953178f2a0,i would like to withdraw some money,"[{""entity"":""eWithdrawMoneyMethod"",""location"":[25,35],""value"":""partial withdraw"",""confidence"":1}]","{""intent"":""iRedemption"",""confidence"":0.9900888442993165}",{{{get_scheme_for_redemption}}}
788e608a-118d-4c68-811a-45391400b024,2019-05-14T05:48:09.897Z,2019-05-14T05:48:09.929Z,97c17879-c841-4eba-9923-7ed1f6bb34e7,2aee3c3b-0313-4e81-a2bf-4d953178f2a0,okay,"[{""entity"":""eResponses"",""location"":[0,4],""value"":""yes"",""confidence"":1}]",,What else I can do for you ?
788e608a-118d-4c68-811a-45391400b024,2019-05-14T05:47:28.324Z,2019-05-14T05:47:28.363Z,ed1f7fec-d844-4597-a659-1d739a2139df,2aee3c3b-0313-4e81-a2bf-4d953178f2a0,valid id,"[{""entity"":""eIDValidation"",""location"":[0,8],""value"":""IDisValid"",""confidence"":1}]","{""intent"":""iMyAccNumberIs"",""confidence"":0.554755163192749}",How can I help you today ?
788e608a-118d-4c68-811a-45391400b024,2019-05-17T09:32:34.747Z,2019-05-17T09:32:34.782Z,9d6e5ea6-7a9c-48c8-87c5-2f49f4fde7d4,7edfd65e-f3d6-412d-9117-ba7f8f390c15,invalid id,"[{""entity"":""eIDValidation"",""location"":[0,10],""value"":""IDisInvalid"",""confidence"":1}]","{""intent"":""iMyAccNumberIs"",""confidence"":0.5091764688491822}",Could you please tell me your 5 digit Customer ID number ?
788e608a-118d-4c68-811a-45391400b024,2019-05-17T09:32:59.719Z,2019-05-17T09:32:59.795Z,bb84c770-2eb9-4d18-a81a-60fc5af1dc52,dec475da-8459-46da-989c-3ab17261eb17,i want to know my net asset value,"[{""entity"":""eNav"",""location"":[18,33],""value"":""Nav"",""confidence"":0.9975610971450806}]","{""intent"":""iKnowMyNavValue"",""confidence"":0.758511734008789}","{{{check_account}}} ,What else I can do for you ?"
788e608a-118d-4c68-811a-45391400b024,2019-05-17T09:32:44.140Z,2019-05-17T09:32:44.231Z,124f3e37-ce59-437e-9ac4-09fd0b4ed7c4,dec475da-8459-46da-989c-3ab17261eb17,12345,"[{""entity"":""eInceptionDate"",""location"":[0,5],""value"":""12345"",""confidence"":0.24336114525794983},{""entity"":""sys-number"",""location"":[0,5],""value"":""12345"",""confidence"":1,""metadata"":{""numeric_value"":12345}}]",,<!--comment--> {{{account_number}}}
788e608a-118d-4c68-811a-45391400b024,2019-05-17T09:32:45.996Z,2019-05-17T09:32:46.037Z,f62fd988-68ba-41aa-a29b-8f0d711138c1,dec475da-8459-46da-989c-3ab17261eb17,valid id,"[{""entity"":""eIDValidation"",""location"":[0,8],""value"":""IDisValid"",""confidence"":1}]","{""intent"":""iMyAccNumberIs"",""confidence"":0.554755163192749}",How can I help you today ?
788e608a-118d-4c68-811a-45391400b024,2019-05-17T10:30:33.388Z,2019-05-17T10:30:33.477Z,3d035ede-c1c0-4ebc-a4c3-ea917c2cce46,5d9320a1-03db-4844-a057-ead45cd0230a,valid id,"[{""entity"":""eIDValidation"",""location"":[0,8],""value"":""IDisValid"",""confidence"":1}]","{""intent"":""iMyAccNumberIs"",""confidence"":0.554755163192749}",How can I help you today ?
788e608a-118d-4c68-811a-45391400b024,2019-05-17T10:20:15.229Z,2019-05-17T10:20:15.284Z,d0a6cca9-d555-4621-a249-e041143f0dc2,d1a80b7e-ccb6-4acd-88da-98feec275274,i would like to withdraw money,[],"{""intent"":""iRedemption"",""confidence"":0.9822248458862306}",{{{get_scheme_for_redemption}}}
788e608a-118d-4c68-811a-45391400b024,2019-05-17T10:21:01.559Z,2019-05-17T10:21:01.565Z,c0f30dc4-1eb6-4f38-b0eb-b411394d8207,5c60a02a-ebbf-402f-a411-f9ba32ba2653,,[],,"Hi! I am K buddy. ,Could you please tell me your 5 digit Customer ID number ?"
788e608a-118d-4c68-811a-45391400b024,2019-05-17T10:19:46.396Z,2019-05-17T10:19:46.429Z,5a2de53e-7b95-4061-aeb5-5aa30c1bfff9,d1a80b7e-ccb6-4acd-88da-98feec275274,okay,"[{""entity"":""eResponses"",""location"":[0,4],""value"":""yes"",""confidence"":1}]",,What else I can do for you ?
788e608a-118d-4c68-811a-45391400b024,2019-05-17T10:20:20.770Z,2019-05-17T10:20:20.805Z,b923d284-7bff-4204-b377-b52212acf4dc,d1a80b7e-ccb6-4acd-88da-98feec275274,first one,"[{""entity"":""eSelection"",""location"":[0,9],""value"":""first"",""confidence"":1},{""entity"":""sys-number"",""location"":[6,9],""value"":""1"",""confidence"":1,""metadata"":{""numeric_value"":1}}]","{""intent"":""iByeBye"",""confidence"":0.21290949407613766}",{{{check_for_user_scheme_selection_for_redemption}}}
788e608a-118d-4c68-811a-45391400b024,2019-05-17T09:17:02.615Z,2019-05-17T09:17:02.631Z,6c43f7df-cf9b-4f58-9e90-f8649e17a3e6,7e51f1db-5f98-44a8-9212-2bdcf51d52df,,[],,"Hi! I am K buddy. ,Could you please tell me your 5 digit Customer ID number ?"
788e608a-118d-4c68-811a-45391400b024,2019-05-17T10:18:43.929Z,2019-05-17T10:18:44.053Z,c7f005f2-35e7-45ed-baac-89195eebde80,d1a80b7e-ccb6-4acd-88da-98feec275274,12345,"[{""entity"":""eInceptionDate"",""location"":[0,5],""value"":""12345"",""confidence"":0.24336114525794983},{""entity"":""sys-number"",""location"":[0,5],""value"":""12345"",""confidence"":1,""metadata"":{""numeric_value"":12345}}]",,<!--comment--> {{{account_number}}}
788e608a-118d-4c68-811a-45391400b024,2019-05-17T10:19:12.718Z,2019-05-17T10:19:12.812Z,ca7e1d10-7309-48e8-bdfe-bc1f35403e0d,d1a80b7e-ccb6-4acd-88da-98feec275274,i want a statement from 12th december 2018 till now,"[{""entity"":""eInceptionDate"",""location"":[24,37],""value"":""12th december"",""confidence"":0.26066869497299194},{""entity"":""sys-date"",""location"":[24,42],""value"":""2018-12-12"",""confidence"":1,""metadata"":{""calendar_type"":""GREGORIAN"",""timezone"":""GMT""}},{""entity"":""sys-number"",""location"":[38,42],""value"":""2018"",""confidence"":1,""metadata"":{""numeric_value"":2018}},{""entity"":""eTillNow"",""location"":[43,51],""value"":""till"",""confidence"":0.9825415015220642},{""entity"":""sys-date"",""location"":[48,51],""value"":""2019-05-17"",""confidence"":1,""metadata"":{""calendar_type"":""GREGORIAN"",""timezone"":""GMT""}},{""entity"":""sys-time"",""location"":[48,51],""value"":""10:19:12"",""confidence"":1,""metadata"":{""calendar_type"":""GREGORIAN"",""timezone"":""GMT""}}]","{""intent"":""iSendStatement"",""confidence"":0.9391034126281739}",{{{fromdate_to_tillnow}}}
788e608a-118d-4c68-811a-45391400b024,2019-05-31T07:45:34.108Z,2019-05-31T07:45:34.200Z,abcc5206-9006-48d5-bcee-1823b2f263fe,24b4d615-5940-4eba-90a2-33166e5b249f,okay,"[{""entity"":""eResponses"",""location"":[0,4],""value"":""yes"",""confidence"":1}]",,What else I can do for you ?
788e608a-118d-4c68-811a-45391400b024,2019-05-31T07:45:18.051Z,2019-05-31T07:45:18.221Z,ece4beb5-83b2-4cb1-98be-678444f78466,24b4d615-5940-4eba-90a2-33166e5b249f,what can you answer?,[],"{""intent"":""iHandleQuestion"",""confidence"":0.9547935009002686}","At the moment I am only trained to answer following question. Check Net Asset Value , Get Mini Statement, Get Statement, Update Aadhaar Number and Redemption,What else I can do for you ?"
788e608a-118d-4c68-811a-45391400b024,2019-05-31T07:44:38.977Z,2019-05-31T07:44:39.021Z,c52a29b0-bb05-4a39-a832-08ffd8bececb,24b4d615-5940-4eba-90a2-33166e5b249f,valid id,"[{""entity"":""eIDValidation"",""location"":[0,8],""value"":""IDisValid"",""confidence"":1}]","{""intent"":""iMyAccNumberIs"",""confidence"":0.554755163192749}",How can I help you today ?
788e608a-118d-4c68-811a-45391400b024,2019-05-31T07:44:48.300Z,2019-05-31T07:44:48.366Z,ba56a70a-178f-42ca-91b5-18ff35aa5388,24b4d615-5940-4eba-90a2-33166e5b249f,how are you jacky?,[],"{""intent"":""iByeBye"",""confidence"":0.4655695676803589}",I did not get your meaning. Please rephrase your statement.
788e608a-118d-4c68-811a-45391400b024,2019-05-31T08:05:47.624Z,2019-05-31T08:05:47.673Z,8950b270-19ab-42f8-b47b-2d54ff5c58ff,5c161e52-63c6-41ae-a4d4-afd47ea656c2,whats the weather like today?,"[{""entity"":""sys-date"",""location"":[23,28],""value"":""2019-05-31"",""confidence"":1,""metadata"":{""calendar_type"":""GREGORIAN"",""timezone"":""GMT""}}]",,I did not get your meaning. Please rephrase your statement.
788e608a-118d-4c68-811a-45391400b024,2019-05-31T08:05:34.485Z,2019-05-31T08:05:35.429Z,7ea8d504-e73c-4a91-828c-2d486c51c108,5c161e52-63c6-41ae-a4d4-afd47ea656c2,what can you handle?,[],"{""intent"":""iHandleQuestion"",""confidence"":0.9299485206604003}","At the moment I am only trained to answer following question. Check Net Asset Value , Get Mini Statement, Get Statement, Update Aadhaar Number and Redemption,What else I can do for you ?"
788e608a-118d-4c68-811a-45391400b024,2019-05-31T08:05:17.957Z,2019-05-31T08:05:18.036Z,b6a6b3a4-daca-4b07-89d0-ff6c0d9c16a9,5c161e52-63c6-41ae-a4d4-afd47ea656c2,12345,"[{""entity"":""eInceptionDate"",""location"":[0,5],""value"":""12345"",""confidence"":0.24336114525794983},{""entity"":""sys-number"",""location"":[0,5],""value"":""12345"",""confidence"":1,""metadata"":{""numeric_value"":12345}}]",,<!--comment--> {{{account_number}}}
788e608a-118d-4c68-811a-45391400b024,2019-05-31T08:05:13.627Z,2019-05-31T08:05:13.634Z,687732b0-dc61-4a31-b213-546104bfabe2,5c161e52-63c6-41ae-a4d4-afd47ea656c2,,[],,"Hi! I am K buddy. ,Could you please tell me your 5 digit Customer ID number ?"
788e608a-118d-4c68-811a-45391400b024,2019-06-06T06:39:30.659Z,2019-06-06T06:39:30.892Z,21a8a864-30cb-4442-b2b5-c1b7ab6341d1,637a58fa-d927-41b9-a887-2dbd87e8331b,i want a statement from the beginning,"[{""entity"":""eInceptionDate"",""location"":[28,37],""value"":""beginning"",""confidence"":0.7743906378746033}]","{""intent"":""iSendStatement"",""confidence"":0.9697212696075439}",{{{user_provided_specific_dates}}}
788e608a-118d-4c68-811a-45391400b024,2019-06-06T06:40:13.960Z,2019-06-06T06:40:14.020Z,0c8b3a73-4348-4d70-aa5c-519c42f1a256,637a58fa-d927-41b9-a887-2dbd87e8331b,i would like to do partial withdrawal,"[{""entity"":""eWithdrawMoneyMethod"",""location"":[19,37],""value"":""partial withdraw"",""confidence"":0.7}]","{""intent"":""iRedemption"",""confidence"":0.755089521408081}","Please check & submit your  partial withdrawal request? <!--comment-->
    <br>
    <br>
    <div id=""_disabled"">
        <div class=""row"">
          <form class=""col s12""><div class=""row""><div>Min Amount is Rs. 1000 and Max Amount you can withdraw is Rs. {{{partial_withdrawal_amount}}}<br></div></div>
            <div class=""row"">
              <div class=""input-field col s12"">
                <i class=""material-icons prefix"">attach_money
                </i>
                <input id=""id_partial_withdraw_amount"" type=""number"" class=""validate"" max=""{{{partial_withdrawal_amount}}}"" min=""1000"" value=""1000"">
                <label for=""id_partial_withdraw_amount""></label>
              </div>
              <button id=""id_partial_withdraw_click"" class=""btn waves-effect waves-light grey darken-2 chip white-text"" type=""button"" onclick=""fullWithdrawal()""
                style=""margin: 0 55px 0 30px"">
                <i class=""fas fa-check prefix""></i>Submit</button>
                <button id=""id_cancel_click"" class=""btn waves-effect waves-light grey darken-2 chip white-text"" type=""button"" onclick=""GoBack()""
                style=""margin: 0"">
                <i class=""fas fa-check prefix""></i>Cancel</button>
            </div>
          </form>
        </div>
    </div>"
788e608a-118d-4c68-811a-45391400b024,2019-06-06T06:40:21.934Z,2019-06-06T06:40:21.971Z,2a5acceb-aaa0-4188-aaf7-bed7414e50e7,637a58fa-d927-41b9-a887-2dbd87e8331b,request submitted,"[{""entity"":""Submitted"",""location"":[0,17],""value"":""Request Submitted"",""confidence"":1}]","{""intent"":""iRedemption"",""confidence"":0.23251535356000375}","Your request has been submitted. One of our representative will contact you shortly.,What else I can do for you ?"